--
-- PostgreSQL database dump
--

-- Dumped from database version 15.1 (Debian 15.1-1)
-- Dumped by pg_dump version 15.1 (Debian 15.1-1)

SET statement_timeout = 0;
SET lock_timeout = 0;
SET idle_in_transaction_session_timeout = 0;
SET client_encoding = 'UTF8';
SET standard_conforming_strings = on;
SELECT pg_catalog.set_config('search_path', '', false);
SET check_function_bodies = false;
SET xmloption = content;
SET client_min_messages = warning;
SET row_security = off;

SET default_tablespace = '';

SET default_table_access_method = heap;

--
-- Name: company_made_progress; Type: TABLE; Schema: public; Owner: postgres
--

CREATE TABLE public.company_made_progress (
    id bigint,
    date date,
    locations character varying,
    sales_reps character varying,
    product character varying,
    price numeric,
    cost numeric,
    qty numeric,
    total_sales numeric,
    cogs numeric,
    profit numeric,
    balance numeric,
    targets numeric,
    payment numeric
);


ALTER TABLE public.company_made_progress OWNER TO postgres;

--
-- Name: location_data; Type: TABLE; Schema: public; Owner: postgres
--

CREATE TABLE public.location_data (
    location character varying NOT NULL,
    location_sales integer,
    location_cogs integer,
    location_profit integer,
    location_qty integer,
    location_payment integer,
    location_target numeric
);


ALTER TABLE public.location_data OWNER TO postgres;

--
-- Name: location_monthly; Type: TABLE; Schema: public; Owner: postgres
--

CREATE TABLE public.location_monthly (
    location character varying,
    month character varying,
    location_sales integer,
    location_cogs integer,
    location_profit integer,
    location_qty integer,
    location_payment integer,
    location_target numeric
);


ALTER TABLE public.location_monthly OWNER TO postgres;

--
-- Name: monthly_data; Type: TABLE; Schema: public; Owner: postgres
--

CREATE TABLE public.monthly_data (
    month character varying NOT NULL,
    monthly_sales integer,
    monthly_cogs integer,
    monthly_profit integer,
    monthly_qty integer,
    monthly_payment integer,
    monthly_target numeric
);


ALTER TABLE public.monthly_data OWNER TO postgres;

--
-- Name: product_data; Type: TABLE; Schema: public; Owner: postgres
--

CREATE TABLE public.product_data (
    products character varying NOT NULL,
    product_sales integer,
    product_cogs integer,
    product_profit integer,
    product_qty integer,
    product_payment integer,
    product_target numeric
);


ALTER TABLE public.product_data OWNER TO postgres;

--
-- Name: product_monthly; Type: TABLE; Schema: public; Owner: postgres
--

CREATE TABLE public.product_monthly (
    products character varying,
    month character varying,
    product_sales integer,
    product_cogs integer,
    product_profit integer,
    product_qty integer,
    product_payment integer,
    product_target numeric
);


ALTER TABLE public.product_monthly OWNER TO postgres;

--
-- Name: reps_monthly; Type: TABLE; Schema: public; Owner: postgres
--

CREATE TABLE public.reps_monthly (
    sales_reps character varying,
    month character varying,
    reps_sales integer,
    reps_cogs integer,
    reps_profit integer,
    reps_qty integer,
    reps_payment integer,
    reps_target numeric
);


ALTER TABLE public.reps_monthly OWNER TO postgres;

--
-- Name: salesreps_data; Type: TABLE; Schema: public; Owner: postgres
--

CREATE TABLE public.salesreps_data (
    sales_reps character varying NOT NULL,
    reps_sales integer,
    reps_cogs integer,
    reps_profit integer,
    reps_qty integer,
    reps_payment integer,
    reps_target numeric
);


ALTER TABLE public.salesreps_data OWNER TO postgres;

--
-- Data for Name: company_made_progress; Type: TABLE DATA; Schema: public; Owner: postgres
--

COPY public.company_made_progress (id, date, locations, sales_reps, product, price, cost, qty, total_sales, cogs, profit, balance, targets, payment) FROM stdin;
88065565355	2020-01-01	Glen Cove	Antone E Angel	Hot Veggie	52	49	100	5200	4900	300	\N	4160.0	5100
88065565356	2020-01-02	Hempstead	Merle N Burrus	Hot Veggie	9	6	3000	27000	18000	9000	\N	21600.0	26900
88065565357	2020-01-03	Glens Falls	Twanna Y Manges	BBQ Chicken	5	2	5000	25000	10000	15000	\N	20000.0	24900
88065565358	2020-01-04	Middletown	Reatha Q Breazeale	BBQ Philly Steak	14	11	300	4200	3300	900	\N	3360.0	4100
88065565359	2020-01-05	Salamanca	Antone E Angel	Beef Suya	6	3	2000	12000	6000	6000	\N	9600.0	11900
88065565360	2020-01-06	Peekskill	Merle N Burrus	Chicken Bali	10	7	600	6000	4200	1800	\N	4800.0	5900
88065565361	2020-01-07	Poughkeepsie	Twanna Y Manges	Chicken Feast	13	10	1230	15990	12300	3690	\N	12792.0	15890
88065565362	2020-01-08	Rye 	Reatha Q Breazeale	Chicken Legend	20	17	900	18000	15300	2700	\N	14400.0	17900
88065565363	2020-01-09	Fulton	Antone E Angel	Chicken Suya	15	12	2390	35850	28680	7170	\N	28680.0	35750
88065565364	2020-01-10	Geneva	Merle N Burrus	Extravaganza	20	17	10000	200000	170000	30000	\N	160000.0	199900
88065565365	2020-01-11	Port Jervis	Twanna Y Manges	Hot Pepperoni Feast	12	9	2300	27600	20700	6900	\N	22080.0	27500
88065565366	2020-01-12	Glen Cove	Reatha Q Breazeale	Hot Veggie	16	13	7800	124800	101400	23400	\N	99840.0	124700
88065565367	2020-01-13	Hempstead	Antone E Angel	Italiano	70	67	450	31500	30150	1350	\N	25200.0	31400
88065565368	2020-01-14	Glens Falls	Merle N Burrus	Margarita	15	12	2000	30000	24000	6000	\N	24000.0	29900
88065565369	2020-01-15	Middletown	Twanna Y Manges	Meatzaa	16	13	123	1968	1599	369	\N	1574.4	1868
88065565370	2020-01-16	Salamanca	Reatha Q Breazeale	Pepperoni Feast	20	17	12903	258060	219351	38709	\N	206448.0	257960
88065565371	2020-01-17	Peekskill	Antone E Angel	Pepperoni Suya	12	9	100000	1200000	900000	300000	\N	960000.0	1199900
88065565372	2020-01-18	Poughkeepsie	Merle N Burrus	Veggie Supreme	12	9	12000	144000	108000	36000	\N	115200.0	143900
88065565373	2020-01-19	Rye 	Twanna Y Manges	BBQ Chicken	18	15	60	1080	900	180	\N	864.0	980
88065565374	2020-01-20	Fulton	Reatha Q Breazeale	BBQ Philly Steak	10	7	89	890	623	267	\N	712.0	790
88065565375	2020-01-21	Geneva	Antone E Angel	BBQ Chicken	15	12	77	1155	924	231	\N	924.0	1055
88065565376	2020-01-22	Port Jervis	Merle N Burrus	BBQ Philly Steak	15	12	68	1020	816	204	\N	816.0	920
88065565377	2020-01-23	Glen Cove	Antone E Angel	Italiano	23	20	15	345	300	45	414.0	276.0	245
88065565378	2020-01-24	Hempstead	Merle N Burrus	Margarita	9	6	47	423	282	141	507.59999999999997	338.40000000000003	323
88065565379	2020-01-25	Glens Falls	Antone E Angel	Meatzaa	18	15	6	108	90	18	129.6	86.4	8
88065565380	2020-01-26	Middletown	Merle N Burrus	Italiano	14	11	10	140	110	30	112.0	112.0	40
88065565381	2020-01-27	Salamanca	Antone E Angel	Margarita	30	27	11	330	297	33	264.0	264.0	230
88065565382	2020-01-28	Peekskill	Merle N Burrus	Meatzaa	16	13	60	960	780	180	768.0	768.0	860
88065565383	2020-01-29	Poughkeepsie	Antone E Angel	Meatzaa	52	49	89	4628	4361	267	3702.4	3702.4	4528
88065565384	2020-01-30	Rye 	Merle N Burrus	Meatzaa	14	11	77	1078	847	231	862.4000000000001	862.4000000000001	978
88065565385	2020-01-31	Fulton	Antone E Angel	Hot Veggie	6	3	68	408	204	204	326.40000000000003	326.40000000000003	308
88065565386	2020-02-01	Geneva	Merle N Burrus	Hot Veggie	13	10	15	195	150	45	156.0	156.0	95
88065565387	2020-02-02	Port Jervis	Antone E Angel	BBQ Chicken	15	12	100	1500	1200	300	1200.0	1200.0	1400
88065565388	2020-02-03	Glen Cove	Merle N Burrus	BBQ Philly Steak	20	17	3000	60000	51000	9000	48000.0	48000.0	59900
88065565389	2020-02-04	Hempstead	Antone E Angel	Beef Suya	12	9	5000	60000	45000	15000	48000.0	48000.0	59900
88065565390	2020-02-05	Glens Falls	Merle N Burrus	Chicken Bali	16	13	300	4800	3900	900	3840.0	3840.0	4700
88065565391	2020-02-06	Middletown	Antone E Angel	Chicken Feast	20	17	2000	40000	34000	6000	32000.0	32000.0	39900
88065565392	2020-02-07	Salamanca	Merle N Burrus	Chicken Legend	12	9	600	7200	5400	1800	5760.0	5760.0	7100
88065565393	2020-02-08	Peekskill	Antone E Angel	Chicken Suya	10	7	1230	12300	8610	3690	9840.0	9840.0	12200
88065565394	2020-02-09	Poughkeepsie	Merle N Burrus	Extravaganza	15	12	900	13500	10800	2700	10800.0	10800.0	13400
88065565395	2020-02-10	Rye 	Antone E Angel	Hot Pepperoni Feast	15	12	2390	35850	28680	7170	28680.0	28680.0	35750
88065565396	2020-02-11	Fulton	Merle N Burrus	Hot Veggie	20	17	10000	200000	170000	30000	160000.0	160000.0	199900
88065565397	2020-02-12	Geneva	Antone E Angel	Italiano	12	9	2300	27600	20700	6900	22080.0	22080.0	27500
88065565398	2020-02-13	Port Jervis	Merle N Burrus	Margarita	13	10	7800	101400	78000	23400	81120.0	81120.0	101300
88065565399	2020-02-14	Glen Cove	Antone E Angel	Meatzaa	15	12	450	6750	5400	1350	5400.0	5400.0	6650
88065565400	2020-02-15	Hempstead	Merle N Burrus	Pepperoni Feast	14	11	2000	28000	22000	6000	22400.0	22400.0	27900
88065565401	2020-02-16	Glens Falls	Antone E Angel	Pepperoni Suya	30	27	123	3690	3321	369	2952.0	2952.0	3590
88065565402	2020-02-17	Middletown	Merle N Burrus	Veggie Supreme	16	13	12903	206448	167739	38709	165158.40000000002	165158.40000000002	206348
88065565403	2020-02-18	Salamanca	Antone E Angel	BBQ Chicken	9	6	100000	900000	600000	300000	720000.0	720000.0	899900
88065565404	2020-02-19	Peekskill	Merle N Burrus	BBQ Philly Steak	5	2	12000	60000	24000	36000	48000.0	48000.0	59900
88065565405	2020-02-20	Poughkeepsie	Antone E Angel	BBQ Chicken	18	15	60	1080	900	180	\N	864.0	980
88065565406	2020-02-21	Rye 	Merle N Burrus	BBQ Philly Steak	10	7	89	890	623	267	\N	712.0	790
88065565407	2020-02-22	Fulton	Antone E Angel	Italiano	20	17	77	1540	1309	231	\N	1232.0	1440
88065565408	2020-02-23	Geneva	Merle N Burrus	Margarita	70	67	68	4760	4556	204	\N	3808.0	4660
88065565409	2020-02-24	Port Jervis	Antone E Angel	Meatzaa	15	12	15	225	180	45	\N	180.0	125
88065565410	2020-02-25	Glen Cove	Merle N Burrus	Italiano	12	9	47	564	423	141	\N	451.20000000000005	464
88065565411	2020-02-26	Hempstead	Antone E Angel	Margarita	18	15	6	108	90	18	\N	86.4	8
88065565412	2020-02-27	Glens Falls	Merle N Burrus	Meatzaa	23	20	10	230	200	30	\N	184.0	130
88065565413	2020-02-28	Middletown	Antone E Angel	Meatzaa	9	6	11	99	66	33	\N	79.2	-1
88065565414	2020-02-29	Salamanca	Merle N Burrus	Meatzaa	18	15	60	1080	900	180	\N	864.0	980
88065565415	2020-03-01	Peekskill	Antone E Angel	Hot Veggie	52	49	89	4628	4361	267	\N	3702.4	4528
88065565416	2020-03-02	Poughkeepsie	Merle N Burrus	Hot Veggie	9	6	77	693	462	231	\N	554.4	593
88065565417	2020-03-03	Rye 	Antone E Angel	BBQ Chicken	5	2	68	340	136	204	\N	272.0	240
88065565418	2020-03-04	Fulton	Merle N Burrus	BBQ Philly Steak	14	11	15	210	165	45	\N	168.0	110
88065565419	2020-03-05	Geneva	Antone E Angel	Beef Suya	6	3	100	600	300	300	\N	480.0	500
88065565420	2020-03-06	Port Jervis	Merle N Burrus	Chicken Bali	10	7	3000	30000	21000	9000	\N	24000.0	29900
88065565421	2020-03-07	Glen Cove	Antone E Angel	Chicken Feast	13	10	5000	65000	50000	15000	\N	52000.0	64900
88065565422	2020-03-08	Hempstead	Merle N Burrus	Chicken Legend	20	17	300	6000	5100	900	\N	4800.0	5900
88065565423	2020-03-09	Glens Falls	Antone E Angel	Chicken Suya	15	12	2000	30000	24000	6000	\N	24000.0	29900
88065565424	2020-03-10	Middletown	Merle N Burrus	Extravaganza	20	17	600	12000	10200	1800	\N	9600.0	11900
88065565425	2020-03-11	Salamanca	Antone E Angel	Hot Pepperoni Feast	12	9	1230	14760	11070	3690	\N	11808.0	14660
88065565426	2020-03-12	Peekskill	Merle N Burrus	Hot Veggie	16	13	900	14400	11700	2700	\N	11520.0	14300
88065565427	2020-03-13	Poughkeepsie	Antone E Angel	Italiano	70	67	2390	167300	160130	7170	\N	133840.0	167200
88065565428	2020-03-14	Rye 	Merle N Burrus	Margarita	15	12	10000	150000	120000	30000	\N	120000.0	149900
88065565429	2020-03-15	Fulton	Antone E Angel	Meatzaa	16	13	2300	36800	29900	6900	\N	29440.0	36700
88065565430	2020-03-16	Geneva	Merle N Burrus	Pepperoni Feast	20	17	7800	156000	132600	23400	\N	124800.0	155900
88065565431	2020-03-17	Port Jervis	Antone E Angel	Pepperoni Suya	12	9	450	5400	4050	1350	\N	4320.0	5300
88065565432	2020-03-18	Glen Cove	Merle N Burrus	Veggie Supreme	12	9	2000	24000	18000	6000	\N	19200.0	23900
88065565433	2020-03-19	Hempstead	Antone E Angel	BBQ Chicken	18	15	123	2214	1845	369	\N	1771.2	2114
88065565434	2020-03-20	Glens Falls	Merle N Burrus	BBQ Philly Steak	10	7	12903	129030	90321	38709	\N	103224.0	128930
88065565435	2020-03-21	Middletown	Antone E Angel	BBQ Chicken	15	12	100000	1500000	1200000	300000	\N	1200000.0	1499900
88065565436	2020-03-22	Salamanca	Merle N Burrus	BBQ Philly Steak	15	12	12000	180000	144000	36000	\N	144000.0	179900
88065565437	2020-03-23	Peekskill	Antone E Angel	Italiano	23	20	60	1380	1200	180	\N	1104.0	1280
88065565438	2020-03-24	Poughkeepsie	Merle N Burrus	Margarita	9	6	89	801	534	267	\N	640.8000000000001	701
88065565439	2020-03-25	Rye 	Antone E Angel	Meatzaa	18	15	77	1386	1155	231	\N	1108.8	1286
88065565440	2020-03-26	Fulton	Merle N Burrus	Italiano	14	11	68	952	748	204	\N	761.6	852
88065565441	2020-03-27	Geneva	Antone E Angel	Margarita	30	27	15	450	405	45	\N	360.0	350
88065565442	2020-03-28	Port Jervis	Merle N Burrus	Meatzaa	16	13	47	752	611	141	\N	601.6	652
88065565443	2020-03-29	Glen Cove	Antone E Angel	Meatzaa	52	49	6	312	294	18	\N	249.60000000000002	212
88065565444	2020-03-30	Hempstead	Merle N Burrus	Meatzaa	14	11	10	140	110	30	\N	112.0	40
88065565445	2020-03-31	Glens Falls	Antone E Angel	Hot Veggie	6	3	11	66	33	33	\N	52.800000000000004	-34
88065565446	2020-04-01	Middletown	Merle N Burrus	Hot Veggie	13	10	60	780	600	180	\N	624.0	680
88065565447	2020-04-02	Salamanca	Antone E Angel	BBQ Chicken	15	12	89	1335	1068	267	\N	1068.0	1235
88065565448	2020-04-03	Peekskill	Merle N Burrus	BBQ Philly Steak	20	17	77	1540	1309	231	\N	1232.0	1440
88065565449	2020-04-04	Poughkeepsie	Antone E Angel	Beef Suya	12	9	68	816	612	204	\N	652.8000000000001	716
88065565450	2020-04-05	Rye 	Merle N Burrus	Chicken Bali	16	13	15	240	195	45	\N	192.0	140
88065565451	2020-04-06	Fulton	Antone E Angel	Chicken Feast	20	17	100	2000	1700	300	\N	1600.0	1900
88065565452	2020-04-07	Geneva	Merle N Burrus	Chicken Legend	12	9	3000	36000	27000	9000	\N	28800.0	35900
88065565453	2020-04-08	Port Jervis	Antone E Angel	Chicken Suya	10	7	5000	50000	35000	15000	\N	40000.0	49900
88065565454	2020-04-09	Glen Cove	Merle N Burrus	Extravaganza	15	12	300	4500	3600	900	\N	3600.0	4400
88065565455	2020-04-10	Hempstead	Antone E Angel	Hot Pepperoni Feast	15	12	2000	30000	24000	6000	\N	24000.0	29900
88065565456	2020-04-11	Glens Falls	Merle N Burrus	Hot Veggie	20	17	600	12000	10200	1800	\N	9600.0	11900
88065565457	2020-04-12	Middletown	Antone E Angel	Italiano	12	9	1230	14760	11070	3690	\N	11808.0	14660
88065565458	2020-04-13	Salamanca	Merle N Burrus	Margarita	13	10	900	11700	9000	2700	\N	9360.0	11600
88065565459	2020-04-14	Peekskill	Antone E Angel	Meatzaa	15	12	2390	35850	28680	7170	\N	28680.0	35750
88065565460	2020-04-15	Poughkeepsie	Merle N Burrus	Pepperoni Feast	14	11	10000	140000	110000	30000	\N	112000.0	139900
88065565461	2020-04-16	Rye 	Antone E Angel	Pepperoni Suya	30	27	2300	69000	62100	6900	\N	55200.0	68900
88065565462	2020-04-17	Fulton	Merle N Burrus	Veggie Supreme	16	13	7800	124800	101400	23400	\N	99840.0	124700
88065565463	2020-04-18	Geneva	Antone E Angel	BBQ Chicken	9	6	450	4050	2700	1350	\N	3240.0	3950
88065565464	2020-04-19	Port Jervis	Twanna Y Manges	BBQ Philly Steak	5	2	2000	10000	4000	6000	\N	8000.0	9900
88065565465	2020-04-20	Glen Cove	Reatha Q Breazeale	BBQ Chicken	18	15	123	2214	1845	369	\N	1771.2	2114
88065565466	2020-04-21	Hempstead	Twanna Y Manges	BBQ Philly Steak	10	7	12903	129030	90321	38709	\N	103224.0	128930
88065565467	2020-04-22	Glens Falls	Reatha Q Breazeale	Italiano	20	17	100000	2000000	1700000	300000	\N	1600000.0	1999900
88065565468	2020-04-23	Middletown	Twanna Y Manges	Margarita	70	67	12000	840000	804000	36000	\N	672000.0	839900
88065565469	2020-04-24	Salamanca	Reatha Q Breazeale	Meatzaa	15	12	60	900	720	180	\N	720.0	800
88065565470	2020-04-25	Peekskill	Twanna Y Manges	Italiano	12	9	89	1068	801	267	\N	854.4000000000001	968
88065565471	2020-04-26	Poughkeepsie	Reatha Q Breazeale	Margarita	18	15	77	1386	1155	231	\N	1108.8	1286
88065565472	2020-04-27	Rye 	Twanna Y Manges	Meatzaa	23	20	68	1564	1360	204	\N	1251.2	1464
88065565473	2020-04-28	Fulton	Reatha Q Breazeale	Meatzaa	9	6	15	135	90	45	81.0	108.0	35
88065565474	2020-04-29	Geneva	Twanna Y Manges	Meatzaa	18	15	47	846	705	141	507.59999999999997	676.8000000000001	746
88065565475	2020-04-30	Port Jervis	Reatha Q Breazeale	Hot Veggie	52	49	6	312	294	18	187.2	249.60000000000002	212
88065565476	2020-05-01	Glen Cove	Twanna Y Manges	Hot Veggie	9	6	10	90	60	30	54.0	72.0	-10
88065565477	2020-05-02	Hempstead	Reatha Q Breazeale	BBQ Chicken	5	2	11	55	22	33	33.0	44.0	-45
88065565478	2020-05-03	Glens Falls	Twanna Y Manges	BBQ Philly Steak	14	11	60	840	660	180	504.0	672.0	740
88065565479	2020-05-04	Middletown	Reatha Q Breazeale	Beef Suya	6	3	89	534	267	267	320.4	427.20000000000005	434
88065565480	2020-05-05	Salamanca	Twanna Y Manges	Chicken Bali	10	7	77	770	539	231	462.0	616.0	670
88065565481	2020-05-06	Peekskill	Reatha Q Breazeale	Chicken Feast	13	10	68	884	680	204	530.4	707.2	784
88065565482	2020-05-07	Poughkeepsie	Twanna Y Manges	Chicken Legend	20	17	15	300	255	45	180.0	240.0	200
88065565483	2020-05-08	Rye 	Reatha Q Breazeale	Chicken Suya	15	12	100	1500	1200	300	900.0	1200.0	1400
88065565484	2020-05-09	Fulton	Antone E Angel	Extravaganza	20	17	3000	60000	51000	9000	36000.0	48000.0	59900
88065565485	2020-05-10	Geneva	Merle N Burrus	Hot Pepperoni Feast	12	9	5000	60000	45000	15000	36000.0	48000.0	59900
88065565486	2020-05-11	Port Jervis	Twanna Y Manges	Hot Veggie	16	13	300	4800	3900	900	2880.0	3840.0	4700
88065565487	2020-05-12	Glen Cove	Reatha Q Breazeale	Italiano	70	67	2000	140000	134000	6000	\N	112000.0	139900
88065565488	2020-05-13	Hempstead	Antone E Angel	Margarita	15	12	600	9000	7200	1800	\N	7200.0	8900
88065565489	2020-05-14	Glens Falls	Merle N Burrus	Meatzaa	16	13	1230	19680	15990	3690	\N	15744.0	19580
88065565490	2020-05-15	Middletown	Twanna Y Manges	Pepperoni Feast	20	17	900	18000	15300	2700	\N	14400.0	17900
88065565491	2020-05-16	Salamanca	Reatha Q Breazeale	Pepperoni Suya	12	9	2390	28680	21510	7170	\N	22944.0	28580
88065565492	2020-05-17	Peekskill	Antone E Angel	Veggie Supreme	12	9	10000	120000	90000	30000	\N	96000.0	119900
88065565493	2020-05-18	Poughkeepsie	Merle N Burrus	BBQ Chicken	18	15	2300	41400	34500	6900	\N	33120.0	41300
88065565494	2020-05-19	Rye 	Twanna Y Manges	BBQ Philly Steak	10	7	7800	78000	54600	23400	\N	62400.0	77900
88065565495	2020-05-20	Fulton	Reatha Q Breazeale	BBQ Chicken	15	12	450	6750	5400	1350	\N	5400.0	6650
88065565496	2020-05-21	Geneva	Antone E Angel	BBQ Philly Steak	15	12	2000	30000	24000	6000	\N	24000.0	29900
88065565497	2020-05-22	Port Jervis	Merle N Burrus	Italiano	23	20	123	2829	2460	369	\N	2263.2000000000003	2729
88065565498	2020-05-23	Glen Cove	Twanna Y Manges	Margarita	9	6	12903	116127	77418	38709	\N	92901.6	116027
88065565499	2020-05-24	Hempstead	Reatha Q Breazeale	Meatzaa	18	15	100000	1800000	1500000	300000	\N	1440000.0	1799900
88065565500	2020-05-25	Glens Falls	Antone E Angel	Italiano	14	11	12000	168000	132000	36000	\N	134400.0	167900
88065565501	2020-05-26	Middletown	Merle N Burrus	Margarita	30	27	60	1800	1620	180	\N	1440.0	1700
88065565502	2020-05-27	Salamanca	Twanna Y Manges	Meatzaa	16	13	89	1424	1157	267	\N	1139.2	1324
88065565503	2020-05-28	Peekskill	Reatha Q Breazeale	Meatzaa	52	49	77	4004	3773	231	\N	3203.2000000000003	3904
88065565504	2020-05-29	Poughkeepsie	Antone E Angel	Meatzaa	14	11	68	952	748	204	\N	761.6	852
88065565505	2020-05-30	Rye 	Merle N Burrus	Hot Veggie	6	3	15	90	45	45	\N	72.0	-10
88065565506	2020-05-31	Fulton	Twanna Y Manges	Hot Veggie	13	10	47	611	470	141	\N	488.8	511
88065565507	2020-06-01	Geneva	Reatha Q Breazeale	BBQ Chicken	15	12	6	90	72	18	\N	72.0	-10
88065565508	2020-06-02	Port Jervis	Antone E Angel	BBQ Philly Steak	20	17	10	200	170	30	\N	160.0	100
88065565509	2020-06-03	Glen Cove	Merle N Burrus	Beef Suya	12	9	11	132	99	33	\N	105.60000000000001	32
88065565510	2020-06-04	Hempstead	Twanna Y Manges	Chicken Bali	16	13	60	960	780	180	\N	768.0	860
88065565511	2020-06-05	Glens Falls	Reatha Q Breazeale	Chicken Feast	20	17	89	1780	1513	267	\N	1424.0	1680
88065565512	2020-06-06	Middletown	Antone E Angel	Chicken Legend	12	9	77	924	693	231	\N	739.2	824
88065565513	2020-06-07	Salamanca	Merle N Burrus	Chicken Suya	10	7	68	680	476	204	\N	544.0	580
88065565514	2020-06-08	Peekskill	Twanna Y Manges	Extravaganza	15	12	15	225	180	45	\N	180.0	125
88065565515	2020-06-09	Poughkeepsie	Reatha Q Breazeale	Hot Pepperoni Feast	15	12	100	1500	1200	300	\N	1200.0	1400
88065565516	2020-06-10	Rye 	Antone E Angel	Hot Veggie	20	17	3000	60000	51000	9000	\N	48000.0	59900
88065565517	2020-06-11	Fulton	Merle N Burrus	Italiano	12	9	5000	60000	45000	15000	\N	48000.0	59900
88065565518	2020-06-12	Geneva	Twanna Y Manges	Margarita	13	10	300	3900	3000	900	\N	3120.0	3800
88065565519	2020-06-13	Port Jervis	Reatha Q Breazeale	Meatzaa	15	12	2000	30000	24000	6000	\N	24000.0	29900
88065565520	2020-06-14	Glen Cove	Antone E Angel	Pepperoni Feast	14	11	600	8400	6600	1800	\N	6720.0	8300
88065565521	2020-06-15	Hempstead	Merle N Burrus	Pepperoni Suya	30	27	1230	36900	33210	3690	\N	29520.0	36800
88065565522	2020-06-16	Glens Falls	Twanna Y Manges	Veggie Supreme	16	13	900	14400	11700	2700	\N	11520.0	14300
88065565523	2020-06-17	Middletown	Reatha Q Breazeale	BBQ Chicken	9	6	2390	21510	14340	7170	\N	17208.0	21410
88065565524	2020-06-18	Salamanca	Antone E Angel	BBQ Philly Steak	5	2	10000	50000	20000	30000	\N	40000.0	49900
88065565525	2020-06-19	Peekskill	Merle N Burrus	BBQ Chicken	18	15	2300	41400	34500	6900	\N	33120.0	41300
88065565526	2020-06-20	Poughkeepsie	Twanna Y Manges	BBQ Philly Steak	10	7	7800	78000	54600	23400	\N	62400.0	77900
88065565527	2020-06-21	Rye 	Reatha Q Breazeale	Italiano	20	17	450	9000	7650	1350	\N	7200.0	8900
88065565528	2020-06-22	Fulton	Antone E Angel	Margarita	70	67	2000	140000	134000	6000	\N	112000.0	139900
88065565529	2020-06-23	Geneva	Merle N Burrus	Meatzaa	15	12	123	1845	1476	369	\N	1476.0	1745
88065565530	2020-06-24	Port Jervis	Twanna Y Manges	Italiano	12	9	12903	154836	116127	38709	\N	123868.8	154736
88065565531	2020-06-25	Glen Cove	Reatha Q Breazeale	Margarita	18	15	100000	1800000	1500000	300000	\N	1440000.0	1799900
88065565532	2020-06-26	Hempstead	Antone E Angel	Meatzaa	23	20	12000	276000	240000	36000	\N	220800.0	275900
88065565533	2020-06-27	Glens Falls	Merle N Burrus	Meatzaa	9	6	60	540	360	180	\N	432.0	440
88065565534	2020-06-28	Middletown	Twanna Y Manges	Meatzaa	18	15	89	1602	1335	267	\N	1281.6000000000001	1502
88065565535	2020-06-29	Salamanca	Reatha Q Breazeale	Hot Veggie	52	49	77	4004	3773	231	\N	3203.2000000000003	3904
88065565536	2020-06-30	Peekskill	Antone E Angel	Hot Veggie	9	6	68	612	408	204	\N	489.6	512
88065565537	2020-07-01	Poughkeepsie	Merle N Burrus	BBQ Chicken	5	2	15	75	30	45	\N	60.0	-25
88065565538	2020-07-02	Rye 	Twanna Y Manges	BBQ Philly Steak	14	11	47	658	517	141	\N	526.4	558
88065565539	2020-07-03	Fulton	Reatha Q Breazeale	Beef Suya	6	3	6	36	18	18	\N	28.8	-64
88065565540	2020-07-04	Geneva	Antone E Angel	Chicken Bali	10	7	10	100	70	30	\N	80.0	0
88065565541	2020-07-05	Port Jervis	Merle N Burrus	Chicken Feast	13	10	11	143	110	33	\N	114.4	43
88065565542	2020-07-06	Glen Cove	Twanna Y Manges	Chicken Legend	20	17	60	1200	1020	180	\N	960.0	1100
88065565543	2020-07-07	Hempstead	Reatha Q Breazeale	Chicken Suya	15	12	89	1335	1068	267	\N	1068.0	1235
88065565544	2020-07-08	Glens Falls	Antone E Angel	Extravaganza	20	17	77	1540	1309	231	\N	1232.0	1440
88065565545	2020-07-09	Middletown	Merle N Burrus	Hot Pepperoni Feast	12	9	68	816	612	204	\N	652.8000000000001	716
88065565546	2020-07-10	Salamanca	Twanna Y Manges	Hot Veggie	16	13	15	240	195	45	\N	192.0	140
88065565547	2020-07-11	Peekskill	Reatha Q Breazeale	Italiano	70	67	100	7000	6700	300	\N	5600.0	6900
88065565548	2020-07-12	Poughkeepsie	Antone E Angel	Margarita	15	12	3000	45000	36000	9000	\N	36000.0	44900
88065565549	2020-07-13	Rye 	Merle N Burrus	Meatzaa	16	13	5000	80000	65000	15000	\N	64000.0	79900
88065565550	2020-07-14	Fulton	Twanna Y Manges	Pepperoni Feast	20	17	300	6000	5100	900	\N	4800.0	5900
88065565551	2020-07-15	Geneva	Reatha Q Breazeale	Pepperoni Suya	12	9	2000	24000	18000	6000	\N	19200.0	23900
88065565552	2020-07-16	Port Jervis	Antone E Angel	Veggie Supreme	12	9	600	7200	5400	1800	\N	5760.0	7100
88065565553	2020-07-17	Glen Cove	Merle N Burrus	BBQ Chicken	18	15	1230	22140	18450	3690	\N	17712.0	22040
88065565554	2020-07-18	Hempstead	Twanna Y Manges	BBQ Philly Steak	10	7	900	9000	6300	2700	\N	7200.0	8900
88065565555	2020-07-19	Glens Falls	Reatha Q Breazeale	BBQ Chicken	15	12	2390	35850	28680	7170	\N	28680.0	35750
88065565556	2020-07-20	Middletown	Antone E Angel	BBQ Philly Steak	15	12	10000	150000	120000	30000	\N	120000.0	149900
88065565557	2020-07-21	Salamanca	Merle N Burrus	Italiano	23	20	2300	52900	46000	6900	\N	42320.0	52800
88065565558	2020-07-22	Peekskill	Twanna Y Manges	Margarita	9	6	7800	70200	46800	23400	\N	56160.0	70100
88065565559	2020-07-23	Poughkeepsie	Reatha Q Breazeale	Meatzaa	18	15	450	8100	6750	1350	\N	6480.0	8000
88065565560	2020-07-24	Rye 	Antone E Angel	Italiano	14	11	2000	28000	22000	6000	\N	22400.0	27900
88065565561	2020-07-25	Fulton	Merle N Burrus	Margarita	30	27	123	3690	3321	369	\N	2952.0	3590
88065565562	2020-07-26	Geneva	Twanna Y Manges	Meatzaa	16	13	12903	206448	167739	38709	\N	165158.40000000002	206348
88065565563	2020-07-27	Port Jervis	Reatha Q Breazeale	Meatzaa	52	49	100000	5200000	4900000	300000	\N	4160000.0	5199900
88065565564	2020-07-28	Glen Cove	Antone E Angel	Meatzaa	14	11	12000	168000	132000	36000	\N	134400.0	167900
88065565565	2020-07-29	Hempstead	Merle N Burrus	Hot Veggie	6	3	60	360	180	180	\N	288.0	260
88065565566	2020-07-30	Glens Falls	Twanna Y Manges	Hot Veggie	13	10	89	1157	890	267	\N	925.6	1057
88065565567	2020-07-31	Middletown	Reatha Q Breazeale	BBQ Chicken	15	12	77	1155	924	231	\N	924.0	1055
88065565568	2020-08-01	Salamanca	Antone E Angel	BBQ Philly Steak	20	17	68	1360	1156	204	\N	1088.0	1260
88065565569	2020-08-02	Peekskill	Merle N Burrus	Beef Suya	12	9	15	180	135	45	\N	144.0	80
88065565570	2020-08-03	Poughkeepsie	Twanna Y Manges	Chicken Bali	16	13	47	752	611	141	\N	601.6	652
88065565571	2020-08-04	Rye 	Reatha Q Breazeale	Chicken Feast	20	17	6	120	102	18	\N	96.0	20
88065565572	2020-08-05	Fulton	Antone E Angel	Chicken Legend	12	9	10	120	90	30	\N	96.0	20
88065565573	2020-08-06	Geneva	Merle N Burrus	Chicken Suya	10	7	11	110	77	33	\N	88.0	10
88065565574	2020-08-07	Port Jervis	Twanna Y Manges	Extravaganza	15	12	60	900	720	180	\N	720.0	800
88065565575	2020-08-08	Glen Cove	Reatha Q Breazeale	Hot Pepperoni Feast	15	12	89	1335	1068	267	\N	1068.0	1235
88065565576	2020-08-09	Hempstead	Antone E Angel	Hot Veggie	20	17	77	1540	1309	231	\N	1232.0	1440
88065565577	2020-08-10	Glens Falls	Merle N Burrus	Italiano	12	9	68	816	612	204	\N	652.8000000000001	716
88065565578	2020-08-11	Middletown	Twanna Y Manges	Margarita	13	10	15	195	150	45	\N	156.0	95
88065565579	2020-08-12	Salamanca	Reatha Q Breazeale	Meatzaa	15	12	100	1500	1200	300	\N	1200.0	1400
88065565580	2020-08-13	Peekskill	Antone E Angel	Pepperoni Feast	14	11	3000	42000	33000	9000	25200.0	33600.0	41900
88065565581	2020-08-14	Poughkeepsie	Merle N Burrus	Pepperoni Suya	30	27	5000	150000	135000	15000	90000.0	120000.0	149900
88065565582	2020-08-15	Rye 	Twanna Y Manges	Veggie Supreme	16	13	300	4800	3900	900	2880.0	3840.0	4700
88065565583	2020-08-16	Fulton	Reatha Q Breazeale	BBQ Chicken	9	6	2000	18000	12000	6000	10800.0	14400.0	17900
88065565584	2020-08-17	Geneva	Antone E Angel	BBQ Philly Steak	5	2	600	3000	1200	1800	1800.0	2400.0	2900
88065565585	2020-08-18	Port Jervis	Merle N Burrus	BBQ Chicken	18	15	1230	22140	18450	3690	13284.0	17712.0	22040
88065565586	2020-08-19	Glen Cove	Twanna Y Manges	BBQ Philly Steak	10	7	900	9000	6300	2700	5400.0	7200.0	8900
88065565587	2020-08-20	Hempstead	Reatha Q Breazeale	Italiano	20	17	2390	47800	40630	7170	28680.0	38240.0	47700
88065565588	2020-08-21	Glens Falls	Antone E Angel	Margarita	70	67	10000	700000	670000	30000	420000.0	560000.0	699900
88065565589	2020-08-22	Middletown	Merle N Burrus	Meatzaa	15	12	2300	34500	27600	6900	20700.0	27600.0	34400
88065565590	2020-08-23	Salamanca	Twanna Y Manges	Italiano	12	9	7800	93600	70200	23400	56160.0	74880.0	93500
88065565591	2020-08-24	Peekskill	Reatha Q Breazeale	Margarita	18	15	450	8100	6750	1350	4860.0	6480.0	8000
88065565592	2020-08-25	Poughkeepsie	Antone E Angel	Meatzaa	23	20	2000	46000	40000	6000	27600.0	36800.0	45900
88065565593	2020-08-26	Rye 	Merle N Burrus	Meatzaa	9	6	123	1107	738	369	664.1999999999999	885.6	1007
88065565594	2020-08-27	Fulton	Twanna Y Manges	Meatzaa	18	15	12903	232254	193545	38709	139352.4	185803.2	232154
88065565595	2020-08-28	Geneva	Reatha Q Breazeale	Hot Veggie	52	49	100000	5200000	4900000	300000	3120000.0	4160000.0	5199900
88065565596	2020-08-29	Port Jervis	Antone E Angel	Hot Veggie	9	6	12000	108000	72000	36000	64800.0	86400.0	107900
88065565597	2020-08-30	Glen Cove	Merle N Burrus	BBQ Chicken	5	2	60	300	120	180	180.0	240.0	200
88065565598	2020-08-31	Hempstead	Twanna Y Manges	BBQ Philly Steak	14	11	89	1246	979	267	747.6	996.8000000000001	1146
88065565599	2020-09-01	Glens Falls	Reatha Q Breazeale	Beef Suya	6	3	77	462	231	231	277.2	369.6	362
88065565600	2020-09-02	Middletown	Antone E Angel	Chicken Bali	10	7	68	680	476	204	408.0	544.0	580
88065565601	2020-09-03	Salamanca	Merle N Burrus	Chicken Feast	13	10	15	195	150	45	117.0	156.0	95
88065565602	2020-09-04	Peekskill	Twanna Y Manges	Chicken Legend	20	17	47	940	799	141	564.0	752.0	840
88065565603	2020-09-05	Poughkeepsie	Reatha Q Breazeale	Chicken Suya	15	12	6	90	72	18	54.0	72.0	-10
88065565604	2020-09-06	Rye 	Antone E Angel	Extravaganza	20	17	10	200	170	30	120.0	160.0	100
88065565605	2020-09-07	Fulton	Merle N Burrus	Hot Pepperoni Feast	12	9	11	132	99	33	79.2	105.60000000000001	32
88065565606	2020-09-08	Geneva	Twanna Y Manges	Hot Veggie	16	13	60	960	780	180	576.0	768.0	860
88065565607	2020-09-09	Port Jervis	Reatha Q Breazeale	Italiano	70	67	89	6230	5963	267	3738.0	4984.0	6130
88065565608	2020-09-10	Glen Cove	Antone E Angel	Margarita	15	12	77	1155	924	231	693.0	924.0	1055
88065565609	2020-09-11	Hempstead	Merle N Burrus	Meatzaa	16	13	68	1088	884	204	652.8	870.4000000000001	988
88065565610	2020-09-12	Glens Falls	Twanna Y Manges	Pepperoni Feast	20	17	15	300	255	45	180.0	240.0	200
88065565611	2020-09-13	Middletown	Reatha Q Breazeale	Pepperoni Suya	12	9	100	1200	900	300	720.0	960.0	1100
88065565612	2020-09-14	Salamanca	Antone E Angel	Veggie Supreme	12	9	3000	36000	27000	9000	21600.0	28800.0	35900
88065565613	2020-09-15	Peekskill	Merle N Burrus	BBQ Chicken	18	15	5000	90000	75000	15000	54000.0	72000.0	89900
88065565614	2020-09-16	Poughkeepsie	Twanna Y Manges	BBQ Philly Steak	10	7	300	3000	2100	900	1800.0	2400.0	2900
88065565615	2020-09-17	Rye 	Reatha Q Breazeale	BBQ Chicken	15	12	2000	30000	24000	6000	18000.0	24000.0	29900
88065565616	2020-09-18	Fulton	Antone E Angel	BBQ Philly Steak	15	12	600	9000	7200	1800	5400.0	7200.0	8900
88065565617	2020-09-19	Geneva	Merle N Burrus	Italiano	23	20	1230	28290	24600	3690	16974.0	22632.0	28190
88065565618	2020-09-20	Port Jervis	Twanna Y Manges	Margarita	9	6	900	8100	5400	2700	4860.0	6480.0	8000
88065565619	2020-09-21	Glen Cove	Reatha Q Breazeale	Meatzaa	18	15	2390	43020	35850	7170	25812.0	34416.0	42920
88065565620	2020-09-22	Hempstead	Antone E Angel	Italiano	14	11	10000	140000	110000	30000	84000.0	112000.0	139900
88065565621	2020-09-23	Glens Falls	Merle N Burrus	Margarita	30	27	2300	69000	62100	6900	41400.0	55200.0	68900
88065565622	2020-09-24	Middletown	Twanna Y Manges	Meatzaa	16	13	7800	124800	101400	23400	74880.0	99840.0	124700
88065565623	2020-09-25	Salamanca	Reatha Q Breazeale	Meatzaa	52	49	450	23400	22050	1350	14040.0	18720.0	23300
88065565624	2020-09-26	Peekskill	Antone E Angel	Meatzaa	14	11	2000	28000	22000	6000	16800.0	22400.0	27900
88065565625	2020-09-27	Poughkeepsie	Merle N Burrus	Hot Veggie	6	3	123	738	369	369	442.8	590.4	638
88065565626	2020-09-28	Rye 	Twanna Y Manges	Hot Veggie	13	10	12903	167739	129030	38709	100643.4	134191.2	167639
88065565627	2020-09-29	Fulton	Reatha Q Breazeale	BBQ Chicken	15	12	100000	1500000	1200000	300000	900000.0	1200000.0	1499900
88065565628	2020-09-30	Geneva	Antone E Angel	BBQ Philly Steak	20	17	12000	240000	204000	36000	144000.0	192000.0	239900
88065565629	2020-10-01	Port Jervis	Merle N Burrus	Beef Suya	12	9	60	720	540	180	432.0	576.0	620
88065565630	2020-10-02	Glen Cove	Twanna Y Manges	Chicken Bali	16	13	89	1424	1157	267	854.4	1139.2	1324
88065565631	2020-10-03	Hempstead	Reatha Q Breazeale	Chicken Feast	20	17	77	1540	1309	231	924.0	1232.0	1440
88065565632	2020-10-04	Glens Falls	Antone E Angel	Chicken Legend	12	9	68	816	612	204	489.59999999999997	652.8000000000001	716
88065565633	2020-10-05	Middletown	Merle N Burrus	Chicken Suya	10	7	15	150	105	45	90.0	120.0	50
88065565634	2020-10-06	Salamanca	Twanna Y Manges	Extravaganza	15	12	47	705	564	141	423.0	564.0	605
88065565635	2020-10-07	Peekskill	Reatha Q Breazeale	Hot Pepperoni Feast	15	12	6	90	72	18	54.0	72.0	-10
88065565636	2020-10-08	Poughkeepsie	Antone E Angel	Hot Veggie	20	17	10	200	170	30	120.0	160.0	100
88065565637	2020-10-09	Rye 	Merle N Burrus	Italiano	12	9	11	132	99	33	79.2	105.60000000000001	32
88065565638	2020-10-10	Fulton	Twanna Y Manges	Margarita	13	10	60	780	600	180	468.0	624.0	680
88065565639	2020-10-11	Geneva	Reatha Q Breazeale	Meatzaa	15	12	89	1335	1068	267	801.0	1068.0	1235
88065565640	2020-10-12	Port Jervis	Antone E Angel	Pepperoni Feast	14	11	77	1078	847	231	646.8	862.4000000000001	978
88065565641	2020-10-13	Glen Cove	Merle N Burrus	Pepperoni Suya	30	27	68	2040	1836	204	1224.0	1632.0	1940
88065565642	2020-10-14	Hempstead	Antone E Angel	Veggie Supreme	16	13	15	240	195	45	144.0	192.0	140
88065565643	2020-10-15	Glens Falls	Merle N Burrus	BBQ Chicken	9	6	100	900	600	300	540.0	720.0	800
88065565644	2020-10-16	Middletown	Antone E Angel	BBQ Philly Steak	5	2	3000	15000	6000	9000	9000.0	12000.0	14900
88065565645	2020-10-17	Salamanca	Merle N Burrus	BBQ Chicken	18	15	5000	90000	75000	15000	54000.0	72000.0	89900
88065565646	2020-10-18	Peekskill	Antone E Angel	BBQ Philly Steak	10	7	300	3000	2100	900	1800.0	2400.0	2900
88065565647	2020-10-19	Poughkeepsie	Merle N Burrus	Italiano	20	17	2000	40000	34000	6000	24000.0	32000.0	39900
88065565648	2020-10-20	Rye 	Antone E Angel	Margarita	70	67	600	42000	40200	1800	25200.0	33600.0	41900
88065565649	2020-10-21	Fulton	Merle N Burrus	Meatzaa	15	12	1230	18450	14760	3690	11070.0	14760.0	18350
88065565650	2020-10-22	Geneva	Antone E Angel	Italiano	12	9	900	10800	8100	2700	6480.0	8640.0	10700
88065565651	2020-10-23	Port Jervis	Merle N Burrus	Margarita	18	15	2390	43020	35850	7170	25812.0	34416.0	42920
88065565652	2020-10-24	Glen Cove	Antone E Angel	Meatzaa	23	20	10000	230000	200000	30000	138000.0	184000.0	229900
88065565653	2020-10-25	Hempstead	Merle N Burrus	Meatzaa	9	6	2300	20700	13800	6900	12420.0	16560.0	20600
88065565654	2020-10-26	Glens Falls	Antone E Angel	Meatzaa	18	15	7800	140400	117000	23400	84240.0	112320.0	140300
88065565655	2020-10-27	Middletown	Merle N Burrus	Hot Veggie	52	49	450	23400	22050	1350	14040.0	18720.0	23300
88065565656	2020-10-28	Salamanca	Antone E Angel	Hot Veggie	9	6	2000	18000	12000	6000	10800.0	14400.0	17900
88065565657	2020-10-29	Peekskill	Merle N Burrus	BBQ Chicken	5	2	123	615	246	369	369.0	492.0	515
88065565658	2020-10-30	Poughkeepsie	Antone E Angel	BBQ Philly Steak	14	11	12903	180642	141933	38709	108385.2	144513.6	180542
88065565659	2020-10-31	Rye 	Merle N Burrus	Beef Suya	6	3	100000	600000	300000	300000	360000.0	480000.0	599900
88065565660	2020-11-01	Fulton	Antone E Angel	Chicken Bali	10	7	12000	120000	84000	36000	72000.0	96000.0	119900
88065565661	2020-11-02	Geneva	Merle N Burrus	Chicken Feast	13	10	60	780	600	180	468.0	624.0	680
88065565662	2020-11-03	Port Jervis	Twanna Y Manges	Chicken Legend	20	17	89	1780	1513	267	1068.0	1424.0	1680
88065565663	2020-11-04	Glen Cove	Reatha Q Breazeale	Chicken Suya	15	12	77	1155	924	231	693.0	924.0	1055
88065565664	2020-11-05	Hempstead	Reatha Q Breazeale	Extravaganza	20	17	68	1360	1156	204	816.0	1088.0	1260
88065565665	2020-11-06	Glens Falls	Reatha Q Breazeale	Hot Pepperoni Feast	12	9	15	180	135	45	108.0	144.0	80
88065565666	2020-11-07	Middletown	Reatha Q Breazeale	Hot Veggie	16	13	47	752	611	141	451.2	601.6	652
88065565667	2020-11-08	Salamanca	Reatha Q Breazeale	Italiano	70	67	6	420	402	18	252.0	336.0	320
88065565668	2020-11-09	Peekskill	Reatha Q Breazeale	Margarita	15	12	10	150	120	30	90.0	120.0	50
88065565669	2020-11-10	Poughkeepsie	Reatha Q Breazeale	Meatzaa	16	13	11	176	143	33	105.6	140.8	76
88065565670	2020-11-11	Rye 	Reatha Q Breazeale	Pepperoni Feast	20	17	60	1200	1020	180	720.0	960.0	1100
88065565671	2020-11-12	Fulton	Reatha Q Breazeale	Pepperoni Suya	12	9	89	1068	801	267	640.8	854.4000000000001	968
88065565672	2020-11-13	Geneva	Reatha Q Breazeale	Veggie Supreme	12	9	77	924	693	231	554.4	739.2	824
88065565673	2020-11-14	Port Jervis	Reatha Q Breazeale	BBQ Chicken	18	15	68	1224	1020	204	734.4	979.2	1124
88065565674	2020-11-15	Glen Cove	Reatha Q Breazeale	BBQ Philly Steak	10	7	15	150	105	45	90.0	120.0	50
88065565675	2020-11-16	Hempstead	Reatha Q Breazeale	BBQ Chicken	15	12	100	1500	1200	300	900.0	1200.0	1400
88065565676	2020-11-17	Glens Falls	Reatha Q Breazeale	BBQ Philly Steak	15	12	3000	45000	36000	9000	27000.0	36000.0	44900
88065565677	2020-11-18	Middletown	Reatha Q Breazeale	Italiano	23	20	5000	115000	100000	15000	69000.0	92000.0	114900
88065565678	2020-11-19	Salamanca	Reatha Q Breazeale	Margarita	9	6	300	2700	1800	900	1620.0	2160.0	2600
88065565679	2020-11-20	Peekskill	Reatha Q Breazeale	Meatzaa	18	15	2000	36000	30000	6000	21600.0	28800.0	35900
88065565680	2020-11-21	Poughkeepsie	Twanna Y Manges	Italiano	14	11	600	8400	6600	1800	5040.0	6720.0	8300
88065565681	2020-11-22	Rye 	Reatha Q Breazeale	Margarita	30	27	1230	36900	33210	3690	22140.0	29520.0	36800
88065565682	2020-11-23	Fulton	Twanna Y Manges	Meatzaa	16	13	900	14400	11700	2700	8640.0	11520.0	14300
88065565683	2020-11-24	Geneva	Reatha Q Breazeale	Meatzaa	52	49	2390	124280	117110	7170	74568.0	99424.0	124180
88065565684	2020-11-25	Port Jervis	Twanna Y Manges	Meatzaa	14	11	10000	140000	110000	30000	84000.0	112000.0	139900
88065565685	2020-11-26	Glen Cove	Reatha Q Breazeale	Hot Veggie	6	3	2300	13800	6900	6900	8280.0	11040.0	13700
88065565686	2020-11-27	Hempstead	Twanna Y Manges	Hot Veggie	13	10	7800	101400	78000	23400	60840.0	81120.0	101300
88065565687	2020-11-28	Glens Falls	Reatha Q Breazeale	BBQ Chicken	15	12	450	6750	5400	1350	4050.0	5400.0	6650
88065565688	2020-11-29	Middletown	Twanna Y Manges	BBQ Philly Steak	20	17	2000	40000	34000	6000	24000.0	32000.0	39900
88065565689	2020-11-30	Salamanca	Reatha Q Breazeale	Beef Suya	12	9	123	1476	1107	369	885.6	1180.8	1376
88065565690	2020-12-01	Peekskill	Twanna Y Manges	Chicken Bali	16	13	12903	206448	167739	38709	123868.79999999999	165158.40000000002	206348
88065565691	2020-12-02	Poughkeepsie	Reatha Q Breazeale	Chicken Feast	20	17	100000	2000000	1700000	300000	1200000.0	1600000.0	1999900
88065565692	2020-12-03	Rye 	Twanna Y Manges	Chicken Legend	12	9	12000	144000	108000	36000	86400.0	115200.0	143900
88065565693	2020-12-04	Fulton	Reatha Q Breazeale	Chicken Suya	10	7	60	600	420	180	360.0	480.0	500
88065565694	2020-12-05	Geneva	Twanna Y Manges	Extravaganza	15	12	89	1335	1068	267	801.0	1068.0	1235
88065565695	2020-12-06	Port Jervis	Reatha Q Breazeale	Hot Pepperoni Feast	15	12	77	1155	924	231	693.0	924.0	1055
88065565696	2020-12-07	Glen Cove	Twanna Y Manges	Hot Veggie	20	17	68	1360	1156	204	816.0	1088.0	1260
88065565697	2020-08-23	Hempstead	Reatha Q Breazeale	Italiano	12	9	15	180	135	45	108.0	144.0	80
88065565698	2020-08-24	Glens Falls	Twanna Y Manges	Margarita	13	10	47	611	470	141	366.59999999999997	488.8	511
88065565699	2020-08-25	Middletown	Reatha Q Breazeale	Meatzaa	15	12	6	90	72	18	54.0	72.0	-10
88065565700	2020-08-29	Salamanca	Twanna Y Manges	Pepperoni Feast	14	11	10	140	110	30	84.0	112.0	40
88065565701	2020-08-28	Peekskill	Reatha Q Breazeale	Pepperoni Suya	30	27	11	330	297	33	198.0	264.0	230
88065565702	2020-08-28	Poughkeepsie	Twanna Y Manges	Veggie Supreme	16	13	60	960	780	180	576.0	768.0	860
88065565703	2020-08-29	Rye 	Reatha Q Breazeale	BBQ Chicken	9	6	89	801	534	267	480.59999999999997	640.8000000000001	701
88065565704	2020-08-30	Fulton	Twanna Y Manges	BBQ Philly Steak	5	2	77	385	154	231	231.0	308.0	285
88065565705	2020-08-31	Geneva	Reatha Q Breazeale	BBQ Chicken	18	15	68	1224	1020	204	734.4	979.2	1124
88065565706	2020-08-01	Port Jervis	Twanna Y Manges	BBQ Philly Steak	10	7	15	150	105	45	90.0	120.0	50
88065565707	2020-08-02	Glen Cove	Reatha Q Breazeale	Italiano	20	17	100	2000	1700	300	1200.0	1600.0	1900
88065565708	2020-08-03	Hempstead	Twanna Y Manges	Margarita	70	67	3000	210000	201000	9000	126000.0	168000.0	209900
88065565709	2020-08-04	Glens Falls	Reatha Q Breazeale	Meatzaa	15	12	5000	75000	60000	15000	45000.0	60000.0	74900
88065565710	2020-08-05	Middletown	Twanna Y Manges	Italiano	12	9	300	3600	2700	900	2160.0	2880.0	3500
88065565711	2020-08-09	Salamanca	Reatha Q Breazeale	Margarita	18	15	2000	36000	30000	6000	21600.0	28800.0	35900
88065565712	2020-08-08	Peekskill	Twanna Y Manges	Meatzaa	23	20	600	13800	12000	1800	8280.0	11040.0	13700
88065565713	2020-08-08	Poughkeepsie	Reatha Q Breazeale	Meatzaa	9	6	1230	11070	7380	3690	6642.0	8856.0	10970
88065565714	2020-08-09	Rye 	Twanna Y Manges	Meatzaa	18	15	900	16200	13500	2700	9720.0	12960.0	16100
88065565715	2020-08-10	Fulton	Reatha Q Breazeale	Hot Veggie	5	2	2390	11950	4780	7170	7170.0	9560.0	11850
88065565716	2020-08-11	Geneva	Twanna Y Manges	Hot Veggie	14	11	10000	140000	110000	30000	84000.0	112000.0	139900
88065565717	2020-08-12	Port Jervis	Reatha Q Breazeale	BBQ Chicken	6	3	2300	13800	6900	6900	8280.0	11040.0	13700
88065565718	2020-08-13	Glen Cove	Twanna Y Manges	BBQ Philly Steak	10	7	7800	78000	54600	23400	46800.0	62400.0	77900
88065565719	2020-08-14	Hempstead	Reatha Q Breazeale	Beef Suya	13	10	450	5850	4500	1350	3510.0	4680.0	5750
88065565720	2020-08-15	Glens Falls	Twanna Y Manges	Chicken Bali	20	17	2000	40000	34000	6000	24000.0	32000.0	39900
88065565721	2020-08-19	Middletown	Antone E Angel	Chicken Feast	15	12	123	1845	1476	369	1107.0	1476.0	1745
88065565722	2020-08-18	Salamanca	Antone E Angel	Chicken Legend	20	17	12903	258060	219351	38709	154836.0	206448.0	257960
88065565723	2020-08-18	Peekskill	Antone E Angel	Chicken Suya	12	9	100000	1200000	900000	300000	720000.0	960000.0	1199900
88065565724	2020-08-19	Poughkeepsie	Antone E Angel	Extravaganza	16	13	12000	192000	156000	36000	115200.0	153600.0	191900
88065565725	2020-08-20	Rye 	Antone E Angel	Hot Pepperoni Feast	70	67	60	4200	4020	180	2520.0	3360.0	4100
88065565726	2020-08-21	Fulton	Antone E Angel	Hot Veggie	15	12	89	1335	1068	267	801.0	1068.0	1235
88065565727	2020-08-22	Geneva	Antone E Angel	Italiano	16	13	77	1232	1001	231	739.1999999999999	985.6	1132
88065565728	2020-08-23	Port Jervis	Antone E Angel	Margarita	20	17	68	1360	1156	204	816.0	1088.0	1260
88065565729	2020-08-24	Glen Cove	Antone E Angel	Meatzaa	12	9	15	180	135	45	108.0	144.0	80
88065565730	2020-08-25	Hempstead	Antone E Angel	Pepperoni Feast	12	9	47	564	423	141	338.4	451.20000000000005	464
88065565731	2020-08-29	Glens Falls	Antone E Angel	Pepperoni Suya	18	15	6	108	90	18	64.8	86.4	8
88065565732	2020-08-28	Middletown	Antone E Angel	Veggie Supreme	10	7	10	100	70	30	60.0	80.0	0
88065565733	2020-08-28	Salamanca	Antone E Angel	BBQ Chicken	15	12	11	165	132	33	99.0	132.0	65
88065565734	2020-08-29	Peekskill	Antone E Angel	BBQ Philly Steak	23	20	60	1380	1200	180	828.0	1104.0	1280
88065565735	2020-08-30	Poughkeepsie	Antone E Angel	BBQ Chicken	9	6	89	801	534	267	480.59999999999997	640.8000000000001	701
88065565736	2020-08-31	Rye 	Antone E Angel	BBQ Philly Steak	18	15	77	1386	1155	231	831.6	1108.8	1286
88065565737	2020-09-01	Fulton	Merle N Burrus	Italiano	14	11	68	952	748	204	571.1999999999999	761.6	852
88065565738	2020-09-02	Geneva	Twanna Y Manges	Margarita	30	27	15	450	405	45	270.0	360.0	350
88065565739	2020-09-03	Port Jervis	Reatha Q Breazeale	Meatzaa	16	13	100	1600	1300	300	960.0	1280.0	1500
88065565740	2020-09-04	Glen Cove	Antone E Angel	Italiano	52	49	3000	156000	147000	9000	93600.0	124800.0	155900
88065565741	2020-09-05	Hempstead	Antone E Angel	Margarita	14	11	5000	70000	55000	15000	42000.0	56000.0	69900
88065565742	2020-09-09	Glens Falls	Merle N Burrus	Meatzaa	6	3	300	1800	900	900	1080.0	1440.0	1700
88065565743	2020-09-08	Middletown	Twanna Y Manges	Meatzaa	13	10	2000	26000	20000	6000	15600.0	20800.0	25900
88065565744	2020-09-08	Salamanca	Reatha Q Breazeale	Meatzaa	15	12	600	9000	7200	1800	5400.0	7200.0	8900
88065565745	2020-09-09	Peekskill	Antone E Angel	Hot Veggie	20	17	1230	24600	20910	3690	14760.0	19680.0	24500
88065565746	2020-09-10	Poughkeepsie	Antone E Angel	Hot Veggie	12	9	900	10800	8100	2700	6480.0	8640.0	10700
88065565747	2020-09-11	Rye 	Merle N Burrus	BBQ Chicken	16	13	2390	38240	31070	7170	22944.0	30592.0	38140
88065565748	2020-09-12	Fulton	Twanna Y Manges	BBQ Philly Steak	20	17	10000	200000	170000	30000	120000.0	160000.0	199900
88065565749	2020-09-13	Geneva	Reatha Q Breazeale	Beef Suya	12	9	2300	27600	20700	6900	16560.0	22080.0	27500
88065565750	2020-09-14	Port Jervis	Antone E Angel	Chicken Bali	10	7	7800	78000	54600	23400	46800.0	62400.0	77900
88065565751	2020-09-15	Glen Cove	Antone E Angel	Chicken Feast	15	12	450	6750	5400	1350	4050.0	5400.0	6650
88065565752	2020-09-19	Hempstead	Merle N Burrus	Chicken Legend	15	12	2000	30000	24000	6000	18000.0	24000.0	29900
88065565753	2020-09-18	Glens Falls	Twanna Y Manges	Chicken Suya	20	17	123	2460	2091	369	1476.0	1968.0	2360
88065565754	2020-09-18	Middletown	Reatha Q Breazeale	Extravaganza	12	9	12903	154836	116127	38709	92901.59999999999	123868.8	154736
88065565755	2020-09-19	Salamanca	Antone E Angel	Hot Pepperoni Feast	13	10	100000	1300000	1000000	300000	780000.0	1040000.0	1299900
88065565756	2020-09-20	Peekskill	Antone E Angel	Hot Veggie	15	12	12000	180000	144000	36000	108000.0	144000.0	179900
88065565757	2020-09-21	Poughkeepsie	Merle N Burrus	Italiano	14	11	60	840	660	180	504.0	672.0	740
88065565758	2020-09-22	Rye 	Twanna Y Manges	Margarita	30	27	89	2670	2403	267	1602.0	2136.0	2570
88065565759	2020-09-23	Fulton	Reatha Q Breazeale	Meatzaa	16	13	77	1232	1001	231	739.1999999999999	985.6	1132
88065565760	2020-09-24	Geneva	Antone E Angel	Pepperoni Feast	9	6	68	612	408	204	367.2	489.6	512
88065565761	2020-09-25	Port Jervis	Antone E Angel	Pepperoni Suya	5	2	15	75	30	45	45.0	60.0	-25
88065565762	2020-09-29	Glen Cove	Merle N Burrus	Veggie Supreme	18	15	47	846	705	141	507.59999999999997	676.8000000000001	746
88065565763	2020-09-28	Hempstead	Twanna Y Manges	BBQ Chicken	10	7	6	60	42	18	36.0	48.0	-40
88065565764	2020-09-28	Glens Falls	Reatha Q Breazeale	BBQ Philly Steak	20	17	10	200	170	30	120.0	160.0	100
88065565765	2020-09-29	Middletown	Antone E Angel	BBQ Chicken	70	67	11	770	737	33	462.0	616.0	670
88065565766	2020-09-30	Salamanca	Antone E Angel	BBQ Philly Steak	15	12	60	900	720	180	540.0	720.0	800
88065565767	2020-09-20	Peekskill	Merle N Burrus	Italiano	12	9	89	1068	801	267	640.8	854.4000000000001	968
88065565768	2020-01-01	Poughkeepsie	Twanna Y Manges	Margarita	18	15	77	1386	1155	231	831.6	1108.8	1286
88065565769	2020-01-01	Rye 	Reatha Q Breazeale	Meatzaa	23	20	68	1564	1360	204	938.4	1251.2	1464
88065565770	2020-01-01	Fulton	Antone E Angel	Italiano	9	6	15	135	90	45	81.0	108.0	35
88065565771	2020-01-01	Geneva	Antone E Angel	Margarita	18	15	100	1800	1500	300	1080.0	1440.0	1700
88065565772	2020-01-01	Port Jervis	Merle N Burrus	Meatzaa	5	2	3000	15000	6000	9000	9000.0	12000.0	14900
88065565773	2020-01-01	Glen Cove	Twanna Y Manges	Meatzaa	14	11	5000	70000	55000	15000	42000.0	56000.0	69900
88065565774	2020-01-01	Hempstead	Reatha Q Breazeale	Meatzaa	6	3	300	1800	900	900	1080.0	1440.0	1700
88065565775	2020-01-01	Glens Falls	Antone E Angel	Hot Veggie	10	7	2000	20000	14000	6000	12000.0	16000.0	19900
88065565776	2020-01-01	Middletown	Antone E Angel	Hot Veggie	13	10	600	7800	6000	1800	4680.0	6240.0	7700
88065565777	2020-01-01	Salamanca	Merle N Burrus	BBQ Chicken	20	17	1230	24600	20910	3690	14760.0	19680.0	24500
88065565778	2020-01-01	Peekskill	Twanna Y Manges	BBQ Philly Steak	15	12	900	13500	10800	2700	8100.0	10800.0	13400
88065565779	2020-01-01	Poughkeepsie	Reatha Q Breazeale	Beef Suya	20	17	2390	47800	40630	7170	28680.0	38240.0	47700
88065565780	2020-01-01	Rye 	Antone E Angel	Chicken Bali	12	9	10000	120000	90000	30000	72000.0	96000.0	119900
88065565781	2020-01-01	Fulton	Antone E Angel	Chicken Feast	16	13	2300	36800	29900	6900	22080.0	29440.0	36700
88065565782	2020-01-01	Geneva	Merle N Burrus	Chicken Legend	70	67	7800	546000	522600	23400	327600.0	436800.0	545900
88065565783	2020-01-01	Port Jervis	Twanna Y Manges	Chicken Suya	15	12	450	6750	5400	1350	4050.0	5400.0	6650
88065565784	2020-01-01	Glen Cove	Reatha Q Breazeale	Extravaganza	16	13	2000	32000	26000	6000	19200.0	25600.0	31900
88065565785	2020-01-01	Hempstead	Antone E Angel	Hot Pepperoni Feast	20	17	123	2460	2091	369	1476.0	1968.0	2360
88065565786	2020-01-01	Glens Falls	Antone E Angel	Hot Veggie	12	9	12903	154836	116127	38709	92901.59999999999	123868.8	154736
88065565787	2020-01-01	Middletown	Merle N Burrus	Italiano	12	9	100000	1200000	900000	300000	720000.0	960000.0	1199900
88065565788	2020-01-01	Salamanca	Twanna Y Manges	Margarita	18	15	12000	216000	180000	36000	129600.0	172800.0	215900
88065565789	2020-01-01	Peekskill	Reatha Q Breazeale	Meatzaa	10	7	60	600	420	180	360.0	480.0	500
88065565790	2020-01-01	Poughkeepsie	Antone E Angel	Pepperoni Feast	15	12	89	1335	1068	267	801.0	1068.0	1235
88065565791	2020-01-01	Rye 	Antone E Angel	Pepperoni Suya	23	20	77	1771	1540	231	1062.6	1416.8000000000002	1671
88065565792	2020-01-01	Fulton	Merle N Burrus	Veggie Supreme	9	6	68	612	408	204	367.2	489.6	512
88065565793	2020-01-01	Geneva	Twanna Y Manges	BBQ Chicken	18	15	15	270	225	45	162.0	216.0	170
88065565794	2020-01-01	Port Jervis	Reatha Q Breazeale	BBQ Philly Steak	14	11	47	658	517	141	394.8	526.4	558
88065565795	2020-01-01	Glen Cove	Antone E Angel	BBQ Chicken	30	27	6	180	162	18	108.0	144.0	80
88065565796	2020-01-01	Hempstead	Antone E Angel	BBQ Philly Steak	16	13	10	160	130	30	96.0	128.0	60
88065565797	2020-01-01	Glens Falls	Merle N Burrus	Italiano	52	49	11	572	539	33	343.2	457.6	472
88065565798	2020-01-01	Middletown	Twanna Y Manges	Margarita	14	11	60	840	660	180	504.0	672.0	740
88065565799	2020-01-01	Salamanca	Reatha Q Breazeale	Meatzaa	6	3	89	534	267	267	320.4	427.20000000000005	434
88065565800	2020-01-01	Peekskill	Antone E Angel	Italiano	13	10	77	1001	770	231	600.6	800.8000000000001	901
88065565801	2020-01-01	Poughkeepsie	Antone E Angel	Margarita	15	12	68	1020	816	204	612.0	816.0	920
88065565802	2020-01-01	Rye 	Merle N Burrus	Meatzaa	20	17	15	300	255	45	180.0	240.0	200
88065565803	2020-01-01	Fulton	Twanna Y Manges	Meatzaa	12	9	100	1200	900	300	720.0	960.0	1100
88065565804	2020-01-01	Geneva	Reatha Q Breazeale	Meatzaa	16	13	3000	48000	39000	9000	28800.0	38400.0	47900
88065565805	2020-01-01	Port Jervis	Antone E Angel	Hot Veggie	20	17	5000	100000	85000	15000	60000.0	80000.0	99900
88065565806	2020-01-01	Glen Cove	Antone E Angel	Hot Veggie	12	9	300	3600	2700	900	2160.0	2880.0	3500
88065565807	2020-01-01	Hempstead	Merle N Burrus	BBQ Chicken	10	7	2000	20000	14000	6000	12000.0	16000.0	19900
88065565808	2020-01-01	Glens Falls	Twanna Y Manges	BBQ Philly Steak	15	12	600	9000	7200	1800	5400.0	7200.0	8900
88065565809	2020-01-01	Middletown	Reatha Q Breazeale	Beef Suya	15	12	1230	18450	14760	3690	11070.0	14760.0	18350
88065565810	2020-01-01	Salamanca	Antone E Angel	Chicken Bali	20	17	900	18000	15300	2700	10800.0	14400.0	17900
88065565811	2020-01-01	Peekskill	Antone E Angel	Chicken Feast	12	9	2390	28680	21510	7170	17208.0	22944.0	28580
88065565812	2020-01-01	Poughkeepsie	Merle N Burrus	Chicken Legend	13	10	10000	130000	100000	30000	78000.0	104000.0	129900
88065565813	2020-01-01	Rye 	Twanna Y Manges	Chicken Suya	15	12	2300	34500	27600	6900	20700.0	27600.0	34400
88065565814	2020-01-01	Fulton	Reatha Q Breazeale	Extravaganza	14	11	7800	109200	85800	23400	65520.0	87360.0	109100
88065565815	2020-01-01	Geneva	Antone E Angel	Hot Pepperoni Feast	30	27	450	13500	12150	1350	8100.0	10800.0	13400
88065565816	2020-01-01	Port Jervis	Antone E Angel	Hot Veggie	16	13	2000	32000	26000	6000	19200.0	25600.0	31900
88065565817	2020-01-01	Glen Cove	Merle N Burrus	Italiano	9	6	123	1107	738	369	664.1999999999999	885.6	1007
88065565818	2020-01-01	Hempstead	Twanna Y Manges	Margarita	5	2	12903	64515	25806	38709	38709.0	51612.0	64415
88065565819	2020-01-01	Glens Falls	Reatha Q Breazeale	Meatzaa	18	15	100000	1800000	1500000	300000	1080000.0	1440000.0	1799900
88065565820	2020-01-01	Middletown	Antone E Angel	Pepperoni Feast	10	7	12000	120000	84000	36000	72000.0	96000.0	119900
88065565821	2020-01-01	Salamanca	Antone E Angel	Pepperoni Suya	20	17	60	1200	1020	180	720.0	960.0	1100
88065565822	2020-01-01	Peekskill	Merle N Burrus	Veggie Supreme	70	67	89	6230	5963	267	3738.0	4984.0	6130
88065565823	2020-01-01	Poughkeepsie	Twanna Y Manges	BBQ Chicken	15	12	77	1155	924	231	693.0	924.0	1055
88065565824	2020-01-01	Rye 	Reatha Q Breazeale	BBQ Philly Steak	12	9	68	816	612	204	489.59999999999997	652.8000000000001	716
88065565825	2020-01-01	Fulton	Antone E Angel	BBQ Chicken	18	15	15	270	225	45	162.0	216.0	170
88065565826	2020-01-01	Geneva	Antone E Angel	BBQ Philly Steak	23	20	47	1081	940	141	648.6	864.8000000000001	981
88065565827	2020-01-01	Port Jervis	Merle N Burrus	Italiano	9	6	6	54	36	18	32.4	43.2	-46
88065565828	2020-01-01	Glen Cove	Twanna Y Manges	Margarita	18	15	10	180	150	30	108.0	144.0	80
88065565829	2020-01-01	Hempstead	Reatha Q Breazeale	Meatzaa	5	2	11	55	22	33	33.0	44.0	-45
88065565830	2020-01-01	Glens Falls	Antone E Angel	Italiano	14	11	60	840	660	180	504.0	672.0	740
88065565831	2020-01-01	Middletown	Antone E Angel	Margarita	6	3	89	534	267	267	320.4	427.20000000000005	434
88065565832	2020-01-01	Salamanca	Merle N Burrus	Meatzaa	10	7	77	770	539	231	462.0	616.0	670
88065565833	2020-01-01	Peekskill	Twanna Y Manges	Meatzaa	13	10	68	884	680	204	530.4	707.2	784
88065565834	2020-01-01	Poughkeepsie	Reatha Q Breazeale	Meatzaa	20	17	15	300	255	45	180.0	240.0	200
88065565835	2020-01-01	Rye 	Antone E Angel	Hot Veggie	15	12	100	1500	1200	300	900.0	1200.0	1400
88065565836	2020-01-01	Fulton	Antone E Angel	Hot Veggie	20	17	3000	60000	51000	9000	36000.0	48000.0	59900
88065565837	2020-01-01	Geneva	Merle N Burrus	BBQ Chicken	12	9	5000	60000	45000	15000	36000.0	48000.0	59900
88065565838	2020-01-01	Port Jervis	Twanna Y Manges	BBQ Philly Steak	16	13	300	4800	3900	900	2880.0	3840.0	4700
88065565839	2020-01-01	Glen Cove	Reatha Q Breazeale	Beef Suya	70	67	2000	140000	134000	6000	84000.0	112000.0	139900
88065565840	2020-01-01	Hempstead	Antone E Angel	Chicken Bali	15	12	600	9000	7200	1800	5400.0	7200.0	8900
88065565841	2020-01-01	Glens Falls	Antone E Angel	Chicken Feast	16	13	1230	19680	15990	3690	11808.0	15744.0	19580
88065565842	2020-01-01	Middletown	Merle N Burrus	Chicken Legend	20	17	900	18000	15300	2700	10800.0	14400.0	17900
88065565843	2020-01-01	Salamanca	Twanna Y Manges	Chicken Suya	12	9	2390	28680	21510	7170	17208.0	22944.0	28580
88065565844	2020-01-01	Peekskill	Reatha Q Breazeale	Extravaganza	12	9	10000	120000	90000	30000	72000.0	96000.0	119900
88065565845	2020-01-01	Poughkeepsie	Antone E Angel	Hot Pepperoni Feast	18	15	2300	41400	34500	6900	24840.0	33120.0	41300
88065565846	2020-01-01	Rye 	Antone E Angel	Hot Veggie	10	7	7800	78000	54600	23400	46800.0	62400.0	77900
88065565847	2020-01-01	Fulton	Merle N Burrus	Italiano	18	15	450	8100	6750	1350	4860.0	6480.0	8000
88065565848	2020-01-01	Geneva	Twanna Y Manges	Margarita	10	7	2000	20000	14000	6000	12000.0	16000.0	19900
88065565849	2020-01-01	Port Jervis	Reatha Q Breazeale	Meatzaa	15	12	123	1845	1476	369	1107.0	1476.0	1745
88065565850	2020-01-01	Glen Cove	Antone E Angel	Pepperoni Feast	23	20	12903	296769	258060	38709	178061.4	237415.2	296669
88065565851	2020-01-01	Hempstead	Antone E Angel	Pepperoni Suya	9	6	100000	900000	600000	300000	540000.0	720000.0	899900
88065565852	2020-01-01	Glens Falls	Merle N Burrus	Veggie Supreme	18	15	12000	216000	180000	36000	129600.0	172800.0	215900
88065565853	2020-01-01	Middletown	Twanna Y Manges	BBQ Chicken	18	15	60	1080	900	180	648.0	864.0	980
88065565854	2020-01-01	Salamanca	Reatha Q Breazeale	BBQ Philly Steak	10	7	89	890	623	267	534.0	712.0	790
88065565855	2020-01-01	Peekskill	Antone E Angel	BBQ Chicken	15	12	77	1155	924	231	693.0	924.0	1055
88065565856	2020-01-01	Poughkeepsie	Antone E Angel	BBQ Philly Steak	23	20	68	1564	1360	204	938.4	1251.2	1464
88065565857	2020-01-01	Rye 	Merle N Burrus	Italiano	9	6	15	135	90	45	81.0	108.0	35
88065565858	2020-01-01	Fulton	Twanna Y Manges	Margarita	18	15	47	846	705	141	507.59999999999997	676.8000000000001	746
88065565859	2020-01-01	Geneva	Reatha Q Breazeale	Meatzaa	18	15	6	108	90	18	64.8	86.4	8
88065565860	2020-01-01	Port Jervis	Antone E Angel	Italiano	10	7	10	100	70	30	60.0	80.0	0
88065565861	2020-01-01	Glen Cove	Antone E Angel	Margarita	15	12	11	165	132	33	99.0	132.0	65
88065565862	2020-01-01	Hempstead	Merle N Burrus	Meatzaa	23	20	60	1380	1200	180	828.0	1104.0	1280
88065565863	2020-01-01	Glens Falls	Twanna Y Manges	Meatzaa	9	6	89	801	534	267	480.59999999999997	640.8000000000001	701
88065565864	2020-01-01	Middletown	Reatha Q Breazeale	Meatzaa	18	15	77	1386	1155	231	831.6	1108.8	1286
88065565865	2020-01-01	Salamanca	Antone E Angel	Hot Veggie	15	12	68	1020	816	204	612.0	816.0	920
88065565866	2020-01-01	Peekskill	Antone E Angel	Hot Veggie	15	12	15	225	180	45	135.0	180.0	125
88065565867	2020-01-01	Poughkeepsie	Merle N Burrus	BBQ Chicken	20	17	100	2000	1700	300	1200.0	1600.0	1900
88065565868	2020-01-01	Rye 	Merle N Burrus	BBQ Philly Steak	12	9	3000	36000	27000	9000	21600.0	28800.0	35900
88065565869	2020-01-01	Fulton	Merle N Burrus	Beef Suya	13	10	5000	65000	50000	15000	39000.0	52000.0	64900
88065565870	2020-01-01	Geneva	Merle N Burrus	Chicken Bali	15	12	300	4500	3600	900	2700.0	3600.0	4400
88065565871	2020-01-01	Port Jervis	Merle N Burrus	Chicken Feast	14	11	2000	28000	22000	6000	16800.0	22400.0	27900
88065565872	2020-01-01	Glen Cove	Antone E Angel	Chicken Legend	30	27	600	18000	16200	1800	10800.0	14400.0	17900
88065565873	2020-01-01	Hempstead	Merle N Burrus	Chicken Suya	16	13	1230	19680	15990	3690	11808.0	15744.0	19580
88065565874	2020-01-01	Glens Falls	Twanna Y Manges	Extravaganza	9	6	900	8100	5400	2700	4860.0	6480.0	8000
88065565875	2020-01-01	Middletown	Reatha Q Breazeale	Hot Pepperoni Feast	5	2	2390	11950	4780	7170	7170.0	9560.0	11850
88065565876	2020-01-01	Salamanca	Antone E Angel	Hot Veggie	18	15	10000	180000	150000	30000	108000.0	144000.0	179900
88065565877	2020-01-01	Peekskill	Merle N Burrus	Italiano	10	7	2300	23000	16100	6900	13800.0	18400.0	22900
88065565878	2020-01-01	Poughkeepsie	Twanna Y Manges	Margarita	20	17	7800	156000	132600	23400	93600.0	124800.0	155900
88065565879	2020-01-01	Rye 	Reatha Q Breazeale	Meatzaa	70	67	450	31500	30150	1350	18900.0	25200.0	31400
88065565880	2020-01-01	Fulton	Antone E Angel	Pepperoni Feast	15	12	2000	30000	24000	6000	18000.0	24000.0	29900
88065565881	2020-01-01	Geneva	Merle N Burrus	Pepperoni Suya	15	12	123	1845	1476	369	1107.0	1476.0	1745
88065565882	2020-01-01	Port Jervis	Twanna Y Manges	Veggie Supreme	15	12	12903	193545	154836	38709	116127.0	154836.0	193445
88065565883	2020-01-01	Glen Cove	Reatha Q Breazeale	BBQ Chicken	20	17	100000	2000000	1700000	300000	1200000.0	1600000.0	1999900
88065565884	2020-01-01	Hempstead	Antone E Angel	BBQ Philly Steak	12	9	12000	144000	108000	36000	86400.0	115200.0	143900
88065565885	2020-01-01	Glens Falls	Antone E Angel	BBQ Chicken	13	10	60	780	600	180	468.0	624.0	680
88065565886	2020-01-01	Middletown	Twanna Y Manges	BBQ Philly Steak	15	12	89	1335	1068	267	801.0	1068.0	1235
88065565887	2020-01-01	Salamanca	Reatha Q Breazeale	Italiano	14	11	77	1078	847	231	646.8	862.4000000000001	978
88065565888	2020-01-01	Peekskill	Antone E Angel	Margarita	30	27	68	2040	1836	204	1224.0	1632.0	1940
88065565889	2020-01-01	Poughkeepsie	Merle N Burrus	Meatzaa	16	13	15	240	195	45	144.0	192.0	140
88065565890	2020-01-01	Rye 	Twanna Y Manges	Italiano	9	6	47	423	282	141	253.79999999999998	338.40000000000003	323
88065565891	2020-01-01	Fulton	Reatha Q Breazeale	Margarita	5	2	6	30	12	18	18.0	24.0	-70
88065565892	2020-01-01	Geneva	Antone E Angel	Meatzaa	18	15	10	180	150	30	108.0	144.0	80
88065565893	2020-01-01	Port Jervis	Reatha Q Breazeale	Meatzaa	10	7	11	110	77	33	66.0	88.0	10
88065565894	2020-01-01	Glen Cove	Twanna Y Manges	Meatzaa	20	17	60	1200	1020	180	720.0	960.0	1100
88065565895	2020-01-01	Hempstead	Reatha Q Breazeale	Hot Veggie	70	67	89	6230	5963	267	3738.0	4984.0	6130
88065565896	2020-01-01	Glens Falls	Twanna Y Manges	Hot Veggie	15	12	77	1155	924	231	693.0	924.0	1055
88065565897	2020-01-01	Middletown	Reatha Q Breazeale	BBQ Chicken	15	12	68	1020	816	204	612.0	816.0	920
88065565898	2020-01-01	Salamanca	Twanna Y Manges	BBQ Philly Steak	15	12	15	225	180	45	135.0	180.0	125
88065565899	2020-01-01	Peekskill	Reatha Q Breazeale	Beef Suya	20	17	100	2000	1700	300	1200.0	1600.0	1900
88065565900	2020-01-01	Poughkeepsie	Twanna Y Manges	Chicken Bali	12	9	3000	36000	27000	9000	21600.0	28800.0	35900
88065565901	2020-01-01	Rye 	Reatha Q Breazeale	Chicken Feast	13	10	5000	65000	50000	15000	39000.0	52000.0	64900
88065565902	2020-01-01	Fulton	Twanna Y Manges	Chicken Legend	15	12	300	4500	3600	900	2700.0	3600.0	4400
88065565903	2020-01-01	Geneva	Reatha Q Breazeale	Chicken Suya	14	11	2000	28000	22000	6000	16800.0	22400.0	27900
88065565904	2020-01-01	Port Jervis	Twanna Y Manges	Extravaganza	30	27	600	18000	16200	1800	10800.0	14400.0	17900
88065565905	2020-01-01	Glen Cove	Reatha Q Breazeale	Hot Pepperoni Feast	16	13	1230	19680	15990	3690	11808.0	15744.0	19580
88065565906	2020-01-01	Hempstead	Twanna Y Manges	Hot Veggie	9	6	900	8100	5400	2700	4860.0	6480.0	8000
88065565907	2020-01-01	Glens Falls	Reatha Q Breazeale	Italiano	5	2	2390	11950	4780	7170	7170.0	9560.0	11850
88065565908	2020-01-01	Middletown	Twanna Y Manges	Margarita	18	15	10000	180000	150000	30000	108000.0	144000.0	179900
88065565909	2020-01-01	Salamanca	Reatha Q Breazeale	Meatzaa	10	7	2300	23000	16100	6900	13800.0	18400.0	22900
88065565910	2020-01-01	Peekskill	Twanna Y Manges	Pepperoni Feast	20	17	7800	156000	132600	23400	93600.0	124800.0	155900
88065565911	2020-01-01	Poughkeepsie	Reatha Q Breazeale	Pepperoni Suya	70	67	450	31500	30150	1350	18900.0	25200.0	31400
88065565912	2020-01-01	Rye 	Twanna Y Manges	Veggie Supreme	15	12	2000	30000	24000	6000	18000.0	24000.0	29900
88065565913	2020-01-01	Fulton	Reatha Q Breazeale	BBQ Chicken	20	17	123	2460	2091	369	1476.0	1968.0	2360
88065565914	2020-01-01	Geneva	Twanna Y Manges	BBQ Philly Steak	12	9	12903	154836	116127	38709	92901.59999999999	123868.8	154736
88065565915	2020-01-01	Port Jervis	Reatha Q Breazeale	BBQ Chicken	10	7	100000	1000000	700000	300000	600000.0	800000.0	999900
88065565916	2020-01-01	Glen Cove	Reatha Q Breazeale	BBQ Philly Steak	15	12	12000	180000	144000	36000	108000.0	144000.0	179900
88065565917	2020-01-01	Hempstead	Twanna Y Manges	Italiano	15	12	60	900	720	180	540.0	720.0	800
88065565918	2020-01-01	Glens Falls	Reatha Q Breazeale	Margarita	20	17	89	1780	1513	267	1068.0	1424.0	1680
88065565919	2020-01-01	Middletown	Reatha Q Breazeale	Meatzaa	12	9	77	924	693	231	554.4	739.2	824
88065565920	2020-01-01	Salamanca	Reatha Q Breazeale	Italiano	13	10	68	884	680	204	530.4	707.2	784
88065565921	2020-01-01	Peekskill	Antone E Angel	Margarita	15	12	15	225	180	45	135.0	180.0	125
88065565922	2020-01-01	Poughkeepsie	Antone E Angel	Meatzaa	14	11	47	658	517	141	394.8	526.4	558
88065565923	2020-01-01	Rye 	Merle N Burrus	Meatzaa	30	27	6	180	162	18	108.0	144.0	80
88065565924	2020-01-01	Fulton	Twanna Y Manges	Meatzaa	16	13	10	160	130	30	96.0	128.0	60
88065565925	2020-01-01	Geneva	Reatha Q Breazeale	Hot Veggie	9	6	11	99	66	33	59.4	79.2	-1
88065565926	2020-01-01	Port Jervis	Antone E Angel	Hot Veggie	5	2	60	300	120	180	180.0	240.0	200
88065565927	2020-01-01	Glen Cove	Antone E Angel	BBQ Chicken	18	15	89	1602	1335	267	961.1999999999999	1281.6000000000001	1502
88065565928	2020-01-01	Hempstead	Merle N Burrus	BBQ Philly Steak	10	7	77	770	539	231	462.0	616.0	670
88065565929	2020-01-01	Glens Falls	Twanna Y Manges	Beef Suya	20	17	68	1360	1156	204	816.0	1088.0	1260
88065565930	2020-01-01	Middletown	Reatha Q Breazeale	Chicken Bali	70	67	15	1050	1005	45	630.0	840.0	950
88065565931	2020-01-01	Salamanca	Antone E Angel	Chicken Feast	15	12	100	1500	1200	300	900.0	1200.0	1400
88065565932	2020-01-01	Peekskill	Antone E Angel	Chicken Legend	12	9	3000	36000	27000	9000	21600.0	28800.0	35900
88065565933	2020-01-01	Poughkeepsie	Merle N Burrus	Chicken Suya	18	15	5000	90000	75000	15000	54000.0	72000.0	89900
88065565934	2020-01-01	Rye 	Twanna Y Manges	Extravaganza	23	20	300	6900	6000	900	4140.0	5520.0	6800
88065565935	2020-01-01	Fulton	Reatha Q Breazeale	Hot Pepperoni Feast	9	6	2000	18000	12000	6000	10800.0	14400.0	17900
88065565936	2020-01-01	Geneva	Antone E Angel	Hot Veggie	18	15	600	10800	9000	1800	6480.0	8640.0	10700
88065565937	2020-01-01	Port Jervis	Antone E Angel	Italiano	52	49	1230	63960	60270	3690	38376.0	51168.0	63860
88065565938	2020-01-01	Glen Cove	Merle N Burrus	Margarita	9	6	900	8100	5400	2700	4860.0	6480.0	8000
88065565939	2020-01-01	Hempstead	Twanna Y Manges	Meatzaa	5	2	2390	11950	4780	7170	7170.0	9560.0	11850
88065565940	2020-01-01	Glens Falls	Reatha Q Breazeale	Pepperoni Feast	14	11	10000	140000	110000	30000	84000.0	112000.0	139900
88065565941	2020-01-01	Middletown	Antone E Angel	Pepperoni Suya	6	3	2300	13800	6900	6900	8280.0	11040.0	13700
88065565942	2020-01-01	Salamanca	Antone E Angel	Veggie Supreme	10	7	7800	78000	54600	23400	46800.0	62400.0	77900
88065565943	2020-01-01	Peekskill	Merle N Burrus	BBQ Chicken	13	10	450	5850	4500	1350	3510.0	4680.0	5750
88065565944	2020-01-01	Poughkeepsie	Antone E Angel	BBQ Philly Steak	20	17	2000	40000	34000	6000	24000.0	32000.0	39900
88065565945	2020-01-01	Rye 	Merle N Burrus	BBQ Chicken	15	12	123	1845	1476	369	1107.0	1476.0	1745
88065565946	2020-01-01	Fulton	Twanna Y Manges	BBQ Philly Steak	20	17	12903	258060	219351	38709	154836.0	206448.0	257960
88065565947	2020-01-01	Geneva	Reatha Q Breazeale	Italiano	12	9	100000	1200000	900000	300000	720000.0	960000.0	1199900
88065565948	2020-01-01	Port Jervis	Antone E Angel	Margarita	16	13	12000	192000	156000	36000	115200.0	153600.0	191900
88065565949	2020-01-01	Glen Cove	Merle N Burrus	Meatzaa	70	67	60	4200	4020	180	2520.0	3360.0	4100
88065565950	2020-01-01	Hempstead	Twanna Y Manges	Italiano	15	12	89	1335	1068	267	801.0	1068.0	1235
88065565951	2020-01-01	Glens Falls	Reatha Q Breazeale	Margarita	16	13	77	1232	1001	231	739.1999999999999	985.6	1132
88065565952	2020-01-01	Middletown	Antone E Angel	Meatzaa	20	17	68	1360	1156	204	816.0	1088.0	1260
88065565953	2020-01-01	Salamanca	Merle N Burrus	Meatzaa	12	9	15	180	135	45	108.0	144.0	80
88065565954	2020-01-01	Peekskill	Twanna Y Manges	Meatzaa	12	9	47	564	423	141	338.4	451.20000000000005	464
88065565955	2020-01-01	Poughkeepsie	Reatha Q Breazeale	Hot Veggie	18	15	6	108	90	18	64.8	86.4	8
88065565956	2020-01-01	Rye 	Antone E Angel	Hot Veggie	10	7	10	100	70	30	60.0	80.0	0
88065565957	2020-01-01	Fulton	Merle N Burrus	BBQ Chicken	15	12	11	165	132	33	99.0	132.0	65
88065565958	2020-08-05	Geneva	Twanna Y Manges	BBQ Philly Steak	15	12	60	900	720	180	540.0	720.0	800
88065565959	2020-08-09	Port Jervis	Reatha Q Breazeale	Beef Suya	23	20	89	2047	1780	267	1228.2	1637.6000000000001	1947
88065565960	2020-08-08	Glen Cove	Antone E Angel	Chicken Bali	9	6	77	693	462	231	415.8	554.4	593
88065565961	2020-08-08	Hempstead	Merle N Burrus	Chicken Feast	18	15	68	1224	1020	204	734.4	979.2	1124
88065565962	2020-08-09	Glens Falls	Twanna Y Manges	Chicken Legend	14	11	15	210	165	45	126.0	168.0	110
88065565963	2020-08-10	Middletown	Reatha Q Breazeale	Chicken Suya	30	27	100	3000	2700	300	1800.0	2400.0	2900
88065565964	2020-08-11	Salamanca	Antone E Angel	Extravaganza	16	13	3000	48000	39000	9000	28800.0	38400.0	47900
88065565965	2020-08-12	Peekskill	Merle N Burrus	Hot Pepperoni Feast	52	49	5000	260000	245000	15000	156000.0	208000.0	259900
88065565966	2020-08-13	Poughkeepsie	Antone E Angel	Hot Veggie	14	11	300	4200	3300	900	2520.0	3360.0	4100
88065565967	2020-08-14	Rye 	Merle N Burrus	Italiano	6	3	2000	12000	6000	6000	7200.0	9600.0	11900
88065565968	2020-08-15	Fulton	Antone E Angel	Margarita	13	10	600	7800	6000	1800	4680.0	6240.0	7700
88065565969	2020-08-19	Geneva	Merle N Burrus	Meatzaa	15	12	1230	18450	14760	3690	11070.0	14760.0	18350
88065565970	2020-08-18	Port Jervis	Antone E Angel	Pepperoni Feast	20	17	900	18000	15300	2700	10800.0	14400.0	17900
88065565971	2020-08-18	Glen Cove	Merle N Burrus	Pepperoni Suya	12	9	2390	28680	21510	7170	17208.0	22944.0	28580
88065565972	2020-08-19	Hempstead	Antone E Angel	Veggie Supreme	16	13	10000	160000	130000	30000	96000.0	128000.0	159900
88065565973	2020-08-20	Glens Falls	Merle N Burrus	BBQ Chicken	20	17	2300	46000	39100	6900	27600.0	36800.0	45900
88065565974	2020-08-21	Middletown	Antone E Angel	BBQ Philly Steak	12	9	7800	93600	70200	23400	56160.0	74880.0	93500
88065565975	2020-08-22	Salamanca	Merle N Burrus	BBQ Chicken	10	7	450	4500	3150	1350	2700.0	3600.0	4400
88065565976	2020-08-23	Peekskill	Antone E Angel	BBQ Philly Steak	15	12	2000	30000	24000	6000	18000.0	24000.0	29900
88065565977	2020-08-01	Poughkeepsie	Merle N Burrus	Italiano	15	12	123	1845	1476	369	1107.0	1476.0	1745
88065565978	2020-08-02	Rye 	Antone E Angel	Margarita	20	17	12903	258060	219351	38709	154836.0	206448.0	257960
88065565979	2020-08-03	Fulton	Merle N Burrus	Meatzaa	12	9	100000	1200000	900000	300000	720000.0	960000.0	1199900
88065565980	2020-08-04	Geneva	Antone E Angel	Italiano	13	10	12000	156000	120000	36000	93600.0	124800.0	155900
88065565981	2020-08-05	Port Jervis	Merle N Burrus	Margarita	15	12	60	900	720	180	540.0	720.0	800
88065565982	2020-08-09	Glen Cove	Antone E Angel	Meatzaa	14	11	89	1246	979	267	747.6	996.8000000000001	1146
88065565983	2020-08-08	Hempstead	Merle N Burrus	Meatzaa	30	27	77	2310	2079	231	1386.0	1848.0	2210
88065565984	2020-08-08	Glens Falls	Antone E Angel	Meatzaa	16	13	68	1088	884	204	652.8	870.4000000000001	988
88065565985	2020-08-09	Middletown	Merle N Burrus	Hot Veggie	9	6	15	135	90	45	81.0	108.0	35
88065565986	2020-08-10	Salamanca	Antone E Angel	Hot Veggie	5	2	47	235	94	141	141.0	188.0	135
88065565987	2020-08-11	Peekskill	Merle N Burrus	BBQ Chicken	18	15	6	108	90	18	64.8	86.4	8
88065565988	2020-08-12	Poughkeepsie	Antone E Angel	BBQ Philly Steak	10	7	10	100	70	30	60.0	80.0	0
88065565989	2020-08-13	Rye 	Merle N Burrus	Beef Suya	20	17	11	220	187	33	132.0	176.0	120
88065565990	2020-08-14	Fulton	Antone E Angel	Chicken Bali	70	67	60	4200	4020	180	2520.0	3360.0	4100
88065565991	2020-08-15	Geneva	Merle N Burrus	Chicken Feast	15	12	89	1335	1068	267	801.0	1068.0	1235
88065565992	2020-08-19	Port Jervis	Antone E Angel	Chicken Legend	12	9	77	924	693	231	554.4	739.2	824
88065565993	2020-08-18	Glen Cove	Merle N Burrus	Chicken Suya	18	15	68	1224	1020	204	734.4	979.2	1124
88065565994	2020-08-18	Hempstead	Antone E Angel	Extravaganza	23	20	15	345	300	45	207.0	276.0	245
88065565995	2020-08-19	Glens Falls	Merle N Burrus	Hot Pepperoni Feast	9	6	100	900	600	300	540.0	720.0	800
88065565996	2020-08-20	Middletown	Antone E Angel	Hot Veggie	18	15	3000	54000	45000	9000	32400.0	43200.0	53900
88065565997	2020-08-21	Salamanca	Merle N Burrus	Italiano	52	49	5000	260000	245000	15000	156000.0	208000.0	259900
88065565998	2020-08-22	Peekskill	Antone E Angel	Margarita	9	6	300	2700	1800	900	1620.0	2160.0	2600
88065565999	2020-08-23	Poughkeepsie	Merle N Burrus	Meatzaa	5	2	2000	10000	4000	6000	6000.0	8000.0	9900
88065566000	2020-08-24	Rye 	Antone E Angel	Pepperoni Feast	14	11	600	8400	6600	1800	5040.0	6720.0	8300
88065566001	2020-08-25	Fulton	Merle N Burrus	Pepperoni Suya	6	3	1230	7380	3690	3690	4428.0	5904.0	7280
88065566002	2020-08-29	Geneva	Antone E Angel	Veggie Supreme	10	7	900	9000	6300	2700	5400.0	7200.0	8900
88065566003	2020-08-28	Port Jervis	Merle N Burrus	BBQ Chicken	13	10	2390	31070	23900	7170	18642.0	24856.0	30970
88065566004	2020-08-28	Glen Cove	Antone E Angel	BBQ Philly Steak	20	17	10000	200000	170000	30000	120000.0	160000.0	199900
88065566005	2020-08-29	Hempstead	Merle N Burrus	BBQ Chicken	15	12	2300	34500	27600	6900	20700.0	27600.0	34400
88065566006	2020-08-30	Glens Falls	Antone E Angel	BBQ Philly Steak	20	17	7800	156000	132600	23400	93600.0	124800.0	155900
88065566007	2020-08-31	Middletown	Merle N Burrus	Italiano	12	9	450	5400	4050	1350	3240.0	4320.0	5300
88065566008	2020-08-01	Salamanca	Antone E Angel	Margarita	16	13	2000	32000	26000	6000	19200.0	25600.0	31900
88065566009	2020-08-02	Peekskill	Merle N Burrus	Meatzaa	70	67	123	8610	8241	369	5166.0	6888.0	8510
88065566010	2020-08-03	Poughkeepsie	Antone E Angel	Italiano	15	12	12903	193545	154836	38709	116127.0	154836.0	193445
88065566011	2020-08-04	Rye 	Merle N Burrus	Margarita	16	13	100000	1600000	1300000	300000	960000.0	1280000.0	1599900
88065566012	2020-08-05	Fulton	Antone E Angel	Meatzaa	20	17	12000	240000	204000	36000	144000.0	192000.0	239900
88065566013	2020-08-09	Geneva	Merle N Burrus	Meatzaa	12	9	60	720	540	180	432.0	576.0	620
88065566014	2020-08-08	Port Jervis	Antone E Angel	Meatzaa	12	9	89	1068	801	267	640.8	854.4000000000001	968
88065566015	2020-08-08	Glen Cove	Merle N Burrus	Hot Veggie	18	15	77	1386	1155	231	831.6	1108.8	1286
88065566016	2020-08-09	Hempstead	Antone E Angel	Hot Veggie	10	7	68	680	476	204	408.0	544.0	580
88065566017	2020-08-10	Glens Falls	Merle N Burrus	BBQ Chicken	15	12	15	225	180	45	135.0	180.0	125
88065566018	2020-08-11	Middletown	Antone E Angel	BBQ Philly Steak	15	12	47	705	564	141	423.0	564.0	605
88065566019	2020-08-12	Salamanca	Merle N Burrus	Beef Suya	23	20	6	138	120	18	82.8	110.4	38
88065566020	2020-08-13	Peekskill	Antone E Angel	Chicken Bali	9	6	10	90	60	30	54.0	72.0	-10
88065566021	2020-08-14	Poughkeepsie	Merle N Burrus	Chicken Feast	18	15	11	198	165	33	118.8	158.4	98
88065566022	2020-01-01	Rye 	Antone E Angel	Chicken Legend	14	11	60	840	660	180	504.0	672.0	740
88065566023	2020-01-02	Fulton	Merle N Burrus	Chicken Suya	30	27	89	2670	2403	267	1602.0	2136.0	2570
88065566024	2020-01-03	Geneva	Antone E Angel	Extravaganza	16	13	77	1232	1001	231	739.1999999999999	985.6	1132
88065566025	2020-01-04	Port Jervis	Merle N Burrus	Hot Pepperoni Feast	52	49	68	3536	3332	204	2121.6	2828.8	3436
88065566026	2020-01-05	Glen Cove	Antone E Angel	Hot Veggie	14	11	15	210	165	45	126.0	168.0	110
88065566027	2020-01-06	Hempstead	Merle N Burrus	Italiano	6	3	100	600	300	300	360.0	480.0	500
88065566028	2020-01-07	Glens Falls	Antone E Angel	Margarita	13	10	3000	39000	30000	9000	23400.0	31200.0	38900
88065566029	2020-01-08	Middletown	Merle N Burrus	Meatzaa	15	12	5000	75000	60000	15000	45000.0	60000.0	74900
88065566030	2020-01-09	Salamanca	Antone E Angel	Pepperoni Feast	20	17	300	6000	5100	900	3600.0	4800.0	5900
88065566031	2020-01-10	Peekskill	Merle N Burrus	Pepperoni Suya	12	9	2000	24000	18000	6000	14400.0	19200.0	23900
88065566032	2020-01-11	Poughkeepsie	Antone E Angel	Veggie Supreme	16	13	600	9600	7800	1800	5760.0	7680.0	9500
88065566033	2020-01-12	Rye 	Merle N Burrus	BBQ Chicken	20	17	1230	24600	20910	3690	14760.0	19680.0	24500
88065566034	2020-01-13	Fulton	Antone E Angel	BBQ Philly Steak	12	9	900	10800	8100	2700	6480.0	8640.0	10700
88065566035	2020-01-14	Geneva	Merle N Burrus	BBQ Chicken	10	7	2390	23900	16730	7170	14340.0	19120.0	23800
88065566036	2020-01-15	Port Jervis	Antone E Angel	BBQ Philly Steak	15	12	10000	150000	120000	30000	90000.0	120000.0	149900
88065566037	2020-01-16	Glen Cove	Merle N Burrus	Italiano	15	12	2300	34500	27600	6900	20700.0	27600.0	34400
88065566038	2020-01-17	Hempstead	Antone E Angel	Margarita	20	17	7800	156000	132600	23400	93600.0	124800.0	155900
88065566039	2020-01-18	Glens Falls	Merle N Burrus	Meatzaa	12	9	450	5400	4050	1350	3240.0	4320.0	5300
88065566040	2020-01-19	Middletown	Antone E Angel	Italiano	13	10	2000	26000	20000	6000	15600.0	20800.0	25900
88065566041	2020-01-20	Salamanca	Merle N Burrus	Margarita	15	12	123	1845	1476	369	1107.0	1476.0	1745
88065566042	2020-01-21	Peekskill	Antone E Angel	Meatzaa	14	11	12903	180642	141933	38709	108385.2	144513.6	180542
88065566043	2020-01-22	Poughkeepsie	Merle N Burrus	Meatzaa	30	27	100000	3000000	2700000	300000	1800000.0	2400000.0	2999900
88065566044	2020-01-23	Rye 	Antone E Angel	Meatzaa	16	13	12000	192000	156000	36000	115200.0	153600.0	191900
88065566045	2020-01-24	Fulton	Merle N Burrus	Hot Veggie	9	6	60	540	360	180	324.0	432.0	440
88065566046	2020-01-25	Geneva	Antone E Angel	Hot Veggie	5	2	89	445	178	267	267.0	356.0	345
88065566047	2020-01-26	Port Jervis	Merle N Burrus	BBQ Chicken	18	15	77	1386	1155	231	831.6	1108.8	1286
88065566048	2020-01-27	Glen Cove	Antone E Angel	BBQ Philly Steak	10	7	68	680	476	204	408.0	544.0	580
88065566049	2020-01-28	Hempstead	Merle N Burrus	Beef Suya	20	17	15	300	255	45	180.0	240.0	200
88065566050	2020-01-29	Glens Falls	Antone E Angel	Chicken Bali	12	9	47	564	423	141	338.4	451.20000000000005	464
88065566051	2020-01-30	Middletown	Merle N Burrus	Chicken Feast	10	7	6	60	42	18	36.0	48.0	-40
88065566052	2020-01-31	Salamanca	Antone E Angel	Chicken Legend	15	12	10	150	120	30	90.0	120.0	50
88065566053	2020-02-01	Peekskill	Twanna Y Manges	Chicken Suya	15	12	11	165	132	33	99.0	132.0	65
88065566054	2020-02-02	Poughkeepsie	Reatha Q Breazeale	Extravaganza	20	17	60	1200	1020	180	720.0	960.0	1100
88065566055	2020-02-03	Rye 	Twanna Y Manges	Hot Pepperoni Feast	12	9	89	1068	801	267	640.8	854.4000000000001	968
88065566056	2020-02-04	Fulton	Reatha Q Breazeale	Hot Veggie	13	10	77	1001	770	231	600.6	800.8000000000001	901
88065566057	2020-02-05	Geneva	Twanna Y Manges	Italiano	15	12	68	1020	816	204	612.0	816.0	920
88065566058	2020-02-06	Port Jervis	Reatha Q Breazeale	Margarita	14	11	15	210	165	45	126.0	168.0	110
88065566059	2020-02-07	Glen Cove	Twanna Y Manges	Meatzaa	30	27	100	3000	2700	300	1800.0	2400.0	2900
88065566060	2020-02-08	Hempstead	Reatha Q Breazeale	Pepperoni Feast	16	13	3000	48000	39000	9000	28800.0	38400.0	47900
88065566061	2020-02-09	Glens Falls	Twanna Y Manges	Pepperoni Suya	9	6	5000	45000	30000	15000	27000.0	36000.0	44900
88065566062	2020-02-10	Middletown	Reatha Q Breazeale	Veggie Supreme	5	2	300	1500	600	900	900.0	1200.0	1400
88065566063	2020-02-11	Salamanca	Twanna Y Manges	BBQ Chicken	18	15	2000	36000	30000	6000	21600.0	28800.0	35900
88065566064	2020-02-12	Peekskill	Reatha Q Breazeale	BBQ Philly Steak	10	7	600	6000	4200	1800	3600.0	4800.0	5900
88065566065	2020-02-13	Poughkeepsie	Twanna Y Manges	BBQ Chicken	20	17	1230	24600	20910	3690	14760.0	19680.0	24500
88065566066	2020-02-14	Rye 	Reatha Q Breazeale	BBQ Philly Steak	70	67	900	63000	60300	2700	37800.0	50400.0	62900
88065566067	2020-02-15	Fulton	Twanna Y Manges	Italiano	15	12	2390	35850	28680	7170	21510.0	28680.0	35750
88065566068	2020-02-16	Geneva	Reatha Q Breazeale	Margarita	12	9	10000	120000	90000	30000	72000.0	96000.0	119900
88065566069	2020-02-17	Port Jervis	Twanna Y Manges	Meatzaa	18	15	2300	41400	34500	6900	24840.0	33120.0	41300
88065566070	2020-02-18	Glen Cove	Reatha Q Breazeale	Italiano	23	20	7800	179400	156000	23400	107640.0	143520.0	179300
88065566071	2020-02-19	Hempstead	Twanna Y Manges	Margarita	9	6	450	4050	2700	1350	2430.0	3240.0	3950
88065566072	2020-02-20	Glens Falls	Reatha Q Breazeale	Meatzaa	18	15	2000	36000	30000	6000	21600.0	28800.0	35900
88065566073	2020-02-21	Middletown	Antone E Angel	Meatzaa	52	49	123	6396	6027	369	3837.6	5116.8	6296
88065566074	2020-02-22	Salamanca	Merle N Burrus	Meatzaa	9	6	12903	116127	77418	38709	69676.2	92901.6	116027
88065566075	2020-02-23	Peekskill	Twanna Y Manges	Hot Veggie	5	2	100000	500000	200000	300000	300000.0	400000.0	499900
88065566076	2020-02-24	Poughkeepsie	Reatha Q Breazeale	Hot Veggie	14	11	12000	168000	132000	36000	100800.0	134400.0	167900
88065566077	2020-02-25	Rye 	Antone E Angel	BBQ Chicken	6	3	60	360	180	180	216.0	288.0	260
88065566078	2020-02-26	Fulton	Merle N Burrus	BBQ Philly Steak	10	7	89	890	623	267	534.0	712.0	790
88065566079	2020-02-27	Geneva	Twanna Y Manges	Beef Suya	13	10	77	1001	770	231	600.6	800.8000000000001	901
88065566080	2020-02-28	Port Jervis	Reatha Q Breazeale	Chicken Bali	20	17	68	1360	1156	204	816.0	1088.0	1260
88065566081	2020-03-01	Glen Cove	Antone E Angel	Chicken Feast	15	12	15	225	180	45	135.0	180.0	125
88065566082	2020-03-02	Hempstead	Merle N Burrus	Chicken Legend	20	17	47	940	799	141	564.0	752.0	840
88065566083	2020-03-03	Glens Falls	Twanna Y Manges	Chicken Suya	12	9	6	72	54	18	43.199999999999996	57.6	-28
88065566084	2020-03-04	Middletown	Reatha Q Breazeale	Extravaganza	16	13	10	160	130	30	96.0	128.0	60
88065566085	2020-03-05	Salamanca	Antone E Angel	Hot Pepperoni Feast	70	67	11	770	737	33	462.0	616.0	670
88065566086	2020-03-06	Peekskill	Merle N Burrus	Hot Veggie	15	12	60	900	720	180	540.0	720.0	800
88065566087	2020-03-07	Poughkeepsie	Twanna Y Manges	Italiano	16	13	89	1424	1157	267	854.4	1139.2	1324
88065566088	2020-03-08	Rye 	Reatha Q Breazeale	Margarita	20	17	77	1540	1309	231	924.0	1232.0	1440
88065566089	2020-03-09	Fulton	Antone E Angel	Meatzaa	12	9	68	816	612	204	489.59999999999997	652.8000000000001	716
88065566090	2020-03-10	Geneva	Merle N Burrus	Pepperoni Feast	12	9	15	180	135	45	108.0	144.0	80
88065566091	2020-03-11	Port Jervis	Twanna Y Manges	Pepperoni Suya	18	15	100	1800	1500	300	1080.0	1440.0	1700
88065566092	2020-03-12	Glen Cove	Reatha Q Breazeale	Veggie Supreme	10	7	3000	30000	21000	9000	18000.0	24000.0	29900
88065566093	2020-03-13	Hempstead	Antone E Angel	BBQ Chicken	15	12	5000	75000	60000	15000	45000.0	60000.0	74900
88065566094	2020-03-14	Glens Falls	Merle N Burrus	BBQ Philly Steak	15	12	300	4500	3600	900	2700.0	3600.0	4400
88065566095	2020-03-15	Middletown	Twanna Y Manges	BBQ Chicken	23	20	2000	46000	40000	6000	27600.0	36800.0	45900
88065566096	2020-03-16	Salamanca	Reatha Q Breazeale	BBQ Philly Steak	9	6	600	5400	3600	1800	3240.0	4320.0	5300
88065566097	2020-03-17	Peekskill	Antone E Angel	Italiano	18	15	1230	22140	18450	3690	13284.0	17712.0	22040
88065566098	2020-03-18	Poughkeepsie	Merle N Burrus	Margarita	14	11	900	12600	9900	2700	7560.0	10080.0	12500
88065566099	2020-03-19	Rye 	Twanna Y Manges	Meatzaa	30	27	2390	71700	64530	7170	43020.0	57360.0	71600
88065566100	2020-03-20	Fulton	Reatha Q Breazeale	Italiano	16	13	10000	160000	130000	30000	96000.0	128000.0	159900
88065566101	2020-03-21	Geneva	Antone E Angel	Margarita	52	49	2300	119600	112700	6900	71760.0	95680.0	119500
88065566102	2020-03-22	Port Jervis	Merle N Burrus	Meatzaa	14	11	7800	109200	85800	23400	65520.0	87360.0	109100
88065566103	2020-03-23	Glen Cove	Twanna Y Manges	Meatzaa	6	3	450	2700	1350	1350	1620.0	2160.0	2600
88065566104	2020-03-24	Hempstead	Reatha Q Breazeale	Meatzaa	13	10	2000	26000	20000	6000	15600.0	20800.0	25900
88065566105	2020-03-25	Glens Falls	Antone E Angel	Hot Veggie	15	12	123	1845	1476	369	1107.0	1476.0	1745
88065566106	2020-03-26	Middletown	Merle N Burrus	Hot Veggie	20	17	12903	258060	219351	38709	154836.0	206448.0	257960
88065566107	2020-03-27	Salamanca	Twanna Y Manges	BBQ Chicken	12	9	100000	1200000	900000	300000	720000.0	960000.0	1199900
88065566108	2020-03-28	Peekskill	Reatha Q Breazeale	BBQ Philly Steak	16	13	12000	192000	156000	36000	115200.0	153600.0	191900
88065566109	2020-03-29	Poughkeepsie	Antone E Angel	Beef Suya	20	17	60	1200	1020	180	720.0	960.0	1100
88065566110	2020-03-30	Rye 	Merle N Burrus	Chicken Bali	12	9	89	1068	801	267	640.8	854.4000000000001	968
88065566111	2020-03-31	Fulton	Twanna Y Manges	Chicken Feast	10	7	77	770	539	231	462.0	616.0	670
88065566112	2020-04-01	Geneva	Reatha Q Breazeale	Chicken Legend	15	12	68	1020	816	204	612.0	816.0	920
88065566113	2020-04-02	Port Jervis	Antone E Angel	Chicken Suya	15	12	15	225	180	45	135.0	180.0	125
88065566114	2020-04-03	Glen Cove	Merle N Burrus	Extravaganza	20	17	47	940	799	141	564.0	752.0	840
88065566115	2020-04-04	Hempstead	Twanna Y Manges	Hot Pepperoni Feast	12	9	6	72	54	18	43.199999999999996	57.6	-28
88065566116	2020-04-05	Glens Falls	Reatha Q Breazeale	Hot Veggie	13	10	10	130	100	30	78.0	104.0	30
88065566117	2020-04-06	Middletown	Antone E Angel	Italiano	15	12	11	165	132	33	99.0	132.0	65
88065566118	2020-04-07	Salamanca	Merle N Burrus	Margarita	14	11	60	840	660	180	504.0	672.0	740
88065566119	2020-04-08	Peekskill	Twanna Y Manges	Meatzaa	30	27	89	2670	2403	267	1602.0	2136.0	2570
88065566120	2020-04-09	Poughkeepsie	Reatha Q Breazeale	Pepperoni Feast	16	13	77	1232	1001	231	739.1999999999999	985.6	1132
88065566121	2020-04-10	Rye 	Antone E Angel	Pepperoni Suya	9	6	68	612	408	204	367.2	489.6	512
88065566122	2020-04-11	Fulton	Merle N Burrus	Veggie Supreme	5	2	15	75	30	45	45.0	60.0	-25
88065566123	2020-04-12	Geneva	Twanna Y Manges	BBQ Chicken	18	15	100	1800	1500	300	1080.0	1440.0	1700
88065566124	2020-04-13	Port Jervis	Reatha Q Breazeale	BBQ Philly Steak	10	7	3000	30000	21000	9000	18000.0	24000.0	29900
88065566125	2020-04-14	Glen Cove	Antone E Angel	BBQ Chicken	20	17	5000	100000	85000	15000	60000.0	80000.0	99900
88065566126	2020-04-15	Hempstead	Merle N Burrus	BBQ Philly Steak	70	67	300	21000	20100	900	12600.0	16800.0	20900
88065566127	2020-04-16	Glens Falls	Twanna Y Manges	Italiano	15	12	2000	30000	24000	6000	18000.0	24000.0	29900
88065566128	2020-04-17	Middletown	Reatha Q Breazeale	Margarita	12	9	600	7200	5400	1800	4320.0	5760.0	7100
88065566129	2020-04-18	Salamanca	Antone E Angel	Meatzaa	18	15	1230	22140	18450	3690	13284.0	17712.0	22040
88065566130	2020-04-19	Peekskill	Merle N Burrus	Italiano	23	20	900	20700	18000	2700	12420.0	16560.0	20600
88065566131	2020-04-20	Poughkeepsie	Twanna Y Manges	Margarita	9	6	2390	21510	14340	7170	12906.0	17208.0	21410
88065566132	2020-04-21	Rye 	Reatha Q Breazeale	Meatzaa	18	15	10000	180000	150000	30000	108000.0	144000.0	179900
88065566133	2020-04-22	Fulton	Antone E Angel	Meatzaa	52	49	2300	119600	112700	6900	71760.0	95680.0	119500
88065566134	2020-04-23	Geneva	Merle N Burrus	Meatzaa	9	6	7800	70200	46800	23400	42120.0	56160.0	70100
88065566135	2020-04-24	Port Jervis	Twanna Y Manges	Hot Veggie	5	2	450	2250	900	1350	1350.0	1800.0	2150
88065566136	2020-04-25	Glen Cove	Reatha Q Breazeale	Hot Veggie	14	11	2000	28000	22000	6000	16800.0	22400.0	27900
88065566137	2020-04-26	Hempstead	Antone E Angel	BBQ Chicken	6	3	123	738	369	369	442.8	590.4	638
88065566138	2020-04-27	Glens Falls	Merle N Burrus	BBQ Philly Steak	10	7	12903	129030	90321	38709	77418.0	103224.0	128930
88065566139	2020-04-28	Middletown	Twanna Y Manges	Beef Suya	13	10	100000	1300000	1000000	300000	780000.0	1040000.0	1299900
88065566140	2020-04-29	Salamanca	Reatha Q Breazeale	Chicken Bali	20	17	12000	240000	204000	36000	144000.0	192000.0	239900
88065566141	2020-04-30	Peekskill	Antone E Angel	Chicken Feast	15	12	60	900	720	180	540.0	720.0	800
88065566142	2020-05-01	Poughkeepsie	Merle N Burrus	Chicken Legend	20	17	89	1780	1513	267	1068.0	1424.0	1680
88065566143	2020-05-02	Rye 	Twanna Y Manges	Chicken Suya	12	9	77	924	693	231	554.4	739.2	824
88065566144	2020-05-03	Fulton	Reatha Q Breazeale	Extravaganza	16	13	68	1088	884	204	652.8	870.4000000000001	988
88065566145	2020-05-04	Geneva	Antone E Angel	Hot Pepperoni Feast	70	67	15	1050	1005	45	630.0	840.0	950
88065566146	2020-05-05	Port Jervis	Merle N Burrus	Hot Veggie	15	12	47	705	564	141	423.0	564.0	605
88065566147	2020-05-06	Glen Cove	Twanna Y Manges	Italiano	16	13	6	96	78	18	57.599999999999994	76.80000000000001	-4
88065566148	2020-05-07	Hempstead	Reatha Q Breazeale	Margarita	20	17	10	200	170	30	120.0	160.0	100
88065566149	2020-05-08	Glens Falls	Antone E Angel	Meatzaa	12	9	11	132	99	33	79.2	105.60000000000001	32
88065566150	2020-05-09	Middletown	Merle N Burrus	Pepperoni Feast	12	9	60	720	540	180	432.0	576.0	620
88065566151	2020-05-10	Salamanca	Twanna Y Manges	Pepperoni Suya	18	15	89	1602	1335	267	961.1999999999999	1281.6000000000001	1502
88065566152	2020-05-11	Peekskill	Reatha Q Breazeale	Veggie Supreme	10	7	77	770	539	231	462.0	616.0	670
88065566153	2020-05-12	Poughkeepsie	Antone E Angel	BBQ Chicken	15	12	68	1020	816	204	612.0	816.0	920
88065566154	2020-05-13	Rye 	Merle N Burrus	BBQ Philly Steak	15	12	15	225	180	45	135.0	180.0	125
88065566155	2020-05-14	Fulton	Twanna Y Manges	BBQ Chicken	23	20	100	2300	2000	300	1380.0	1840.0	2200
88065566156	2020-05-15	Geneva	Reatha Q Breazeale	BBQ Philly Steak	9	6	3000	27000	18000	9000	16200.0	21600.0	26900
88065566157	2020-05-16	Port Jervis	Antone E Angel	Italiano	18	15	5000	90000	75000	15000	54000.0	72000.0	89900
88065566158	2020-05-17	Glen Cove	Merle N Burrus	Margarita	14	11	300	4200	3300	900	2520.0	3360.0	4100
88065566159	2020-05-18	Hempstead	Twanna Y Manges	Meatzaa	30	27	2000	60000	54000	6000	36000.0	48000.0	59900
88065566160	2020-05-19	Glens Falls	Reatha Q Breazeale	Italiano	16	13	600	9600	7800	1800	5760.0	7680.0	9500
88065566161	2020-05-20	Middletown	Antone E Angel	Margarita	52	49	1230	63960	60270	3690	38376.0	51168.0	63860
88065566162	2020-05-21	Salamanca	Merle N Burrus	Meatzaa	14	11	900	12600	9900	2700	7560.0	10080.0	12500
88065566163	2020-05-22	Peekskill	Twanna Y Manges	Meatzaa	6	3	2390	14340	7170	7170	8604.0	11472.0	14240
88065566164	2020-05-23	Poughkeepsie	Reatha Q Breazeale	Meatzaa	13	10	10000	130000	100000	30000	78000.0	104000.0	129900
88065566165	2020-05-24	Rye 	Antone E Angel	Hot Veggie	15	12	2300	34500	27600	6900	20700.0	27600.0	34400
88065566166	2020-05-25	Fulton	Merle N Burrus	Hot Veggie	20	17	7800	156000	132600	23400	93600.0	124800.0	155900
88065566167	2020-05-26	Geneva	Twanna Y Manges	BBQ Chicken	12	9	450	5400	4050	1350	3240.0	4320.0	5300
88065566168	2020-05-27	Port Jervis	Reatha Q Breazeale	BBQ Philly Steak	16	13	2000	32000	26000	6000	19200.0	25600.0	31900
88065566169	2020-05-28	Glen Cove	Antone E Angel	Beef Suya	20	17	123	2460	2091	369	1476.0	1968.0	2360
88065566170	2020-05-29	Hempstead	Merle N Burrus	Chicken Bali	12	9	12903	154836	116127	38709	92901.59999999999	123868.8	154736
88065566171	2020-05-30	Glens Falls	Twanna Y Manges	Chicken Feast	10	7	100000	1000000	700000	300000	600000.0	800000.0	999900
88065566172	2020-05-31	Middletown	Reatha Q Breazeale	Chicken Legend	15	12	12000	180000	144000	36000	108000.0	144000.0	179900
88065566173	2020-06-01	Salamanca	Antone E Angel	Chicken Suya	15	12	60	900	720	180	540.0	720.0	800
88065566174	2020-06-02	Peekskill	Merle N Burrus	Extravaganza	20	17	89	1780	1513	267	1068.0	1424.0	1680
88065566175	2020-06-03	Poughkeepsie	Twanna Y Manges	Hot Pepperoni Feast	12	9	77	924	693	231	554.4	739.2	824
88065566176	2020-06-04	Rye 	Reatha Q Breazeale	Hot Veggie	13	10	68	884	680	204	530.4	707.2	784
88065566177	2020-06-05	Fulton	Antone E Angel	Italiano	15	12	15	225	180	45	135.0	180.0	125
88065566178	2020-06-06	Geneva	Merle N Burrus	Margarita	14	11	47	658	517	141	394.8	526.4	558
88065566179	2020-06-07	Port Jervis	Twanna Y Manges	Meatzaa	30	27	6	180	162	18	108.0	144.0	80
88065566180	2020-06-08	Glen Cove	Reatha Q Breazeale	Pepperoni Feast	16	13	10	160	130	30	96.0	128.0	60
88065566181	2020-06-09	Hempstead	Antone E Angel	Pepperoni Suya	9	6	11	99	66	33	59.4	79.2	-1
88065566182	2020-06-10	Glens Falls	Merle N Burrus	Veggie Supreme	5	2	60	300	120	180	180.0	240.0	200
88065566183	2020-06-11	Middletown	Twanna Y Manges	BBQ Chicken	18	15	89	1602	1335	267	961.1999999999999	1281.6000000000001	1502
88065566184	2020-06-12	Salamanca	Reatha Q Breazeale	BBQ Philly Steak	10	7	77	770	539	231	462.0	616.0	670
88065566185	2020-06-13	Peekskill	Antone E Angel	BBQ Chicken	20	17	68	1360	1156	204	816.0	1088.0	1260
88065566186	2020-06-14	Poughkeepsie	Merle N Burrus	BBQ Philly Steak	12	9	15	180	135	45	108.0	144.0	80
88065566187	2020-06-15	Rye 	Twanna Y Manges	Italiano	10	7	100	1000	700	300	600.0	800.0	900
88065566188	2020-06-16	Fulton	Reatha Q Breazeale	Margarita	15	12	3000	45000	36000	9000	27000.0	36000.0	44900
88065566189	2020-06-17	Geneva	Antone E Angel	Meatzaa	15	12	5000	75000	60000	15000	45000.0	60000.0	74900
88065566190	2020-06-18	Port Jervis	Merle N Burrus	Italiano	20	17	300	6000	5100	900	3600.0	4800.0	5900
88065566191	2020-06-19	Glen Cove	Twanna Y Manges	Margarita	12	9	2000	24000	18000	6000	14400.0	19200.0	23900
88065566192	2020-06-20	Hempstead	Reatha Q Breazeale	Meatzaa	13	10	600	7800	6000	1800	4680.0	6240.0	7700
88065566193	2020-06-21	Glens Falls	Antone E Angel	Meatzaa	15	12	1230	18450	14760	3690	11070.0	14760.0	18350
88065566194	2020-06-22	Middletown	Merle N Burrus	Meatzaa	14	11	900	12600	9900	2700	7560.0	10080.0	12500
88065566195	2020-06-23	Salamanca	Twanna Y Manges	Hot Veggie	30	27	2390	71700	64530	7170	43020.0	57360.0	71600
88065566196	2020-06-24	Peekskill	Reatha Q Breazeale	Hot Veggie	16	13	10000	160000	130000	30000	96000.0	128000.0	159900
88065566197	2020-06-25	Poughkeepsie	Antone E Angel	BBQ Chicken	9	6	2300	20700	13800	6900	12420.0	16560.0	20600
88065566198	2020-06-26	Rye 	Merle N Burrus	BBQ Philly Steak	5	2	7800	39000	15600	23400	23400.0	31200.0	38900
88065566199	2020-06-27	Fulton	Twanna Y Manges	Beef Suya	18	15	450	8100	6750	1350	4860.0	6480.0	8000
88065566200	2020-06-28	Geneva	Reatha Q Breazeale	Chicken Bali	10	7	2000	20000	14000	6000	12000.0	16000.0	19900
88065566201	2020-06-29	Port Jervis	Antone E Angel	Chicken Feast	20	17	123	2460	2091	369	1476.0	1968.0	2360
88065566202	2020-06-30	Glen Cove	Merle N Burrus	Chicken Legend	70	67	12903	903210	864501	38709	541926.0	722568.0	903110
88065566203	2020-07-01	Hempstead	Twanna Y Manges	Chicken Suya	15	12	100000	1500000	1200000	300000	900000.0	1200000.0	1499900
88065566204	2020-07-02	Glens Falls	Twanna Y Manges	Extravaganza	12	9	12000	144000	108000	36000	86400.0	115200.0	143900
88065566205	2020-07-03	Middletown	Reatha Q Breazeale	Hot Pepperoni Feast	18	15	60	1080	900	180	648.0	864.0	980
88065566206	2020-07-04	Salamanca	Twanna Y Manges	Hot Veggie	23	20	89	2047	1780	267	1228.2	1637.6000000000001	1947
88065566207	2020-07-05	Peekskill	Reatha Q Breazeale	Italiano	9	6	77	693	462	231	415.8	554.4	593
88065566208	2020-07-06	Poughkeepsie	Twanna Y Manges	Margarita	18	15	68	1224	1020	204	734.4	979.2	1124
88065566209	2020-07-07	Rye 	Reatha Q Breazeale	Meatzaa	52	49	15	780	735	45	468.0	624.0	680
88065566210	2020-07-08	Fulton	Twanna Y Manges	Pepperoni Feast	9	6	47	423	282	141	253.79999999999998	338.40000000000003	323
88065566211	2020-07-09	Geneva	Reatha Q Breazeale	Pepperoni Suya	5	2	6	30	12	18	18.0	24.0	-70
88065566212	2020-07-10	Port Jervis	Twanna Y Manges	Veggie Supreme	14	11	10	140	110	30	84.0	112.0	40
88065566213	2020-07-11	Glen Cove	Reatha Q Breazeale	BBQ Chicken	6	3	11	66	33	33	39.6	52.800000000000004	-34
88065566214	2020-07-12	Hempstead	Twanna Y Manges	BBQ Philly Steak	10	7	60	600	420	180	360.0	480.0	500
88065566215	2020-07-13	Glens Falls	Reatha Q Breazeale	BBQ Chicken	13	10	89	1157	890	267	694.1999999999999	925.6	1057
88065566216	2020-07-14	Middletown	Twanna Y Manges	BBQ Philly Steak	20	17	77	1540	1309	231	924.0	1232.0	1440
88065566217	2020-07-15	Salamanca	Reatha Q Breazeale	Italiano	15	12	68	1020	816	204	612.0	816.0	920
88065566218	2020-07-16	Peekskill	Reatha Q Breazeale	Margarita	20	17	15	300	255	45	180.0	240.0	200
88065566219	2020-07-17	Poughkeepsie	Twanna Y Manges	Meatzaa	12	9	100	1200	900	300	720.0	960.0	1100
88065566220	2020-07-18	Rye 	Reatha Q Breazeale	Italiano	16	13	3000	48000	39000	9000	28800.0	38400.0	47900
88065566221	2020-07-19	Fulton	Reatha Q Breazeale	Margarita	70	67	5000	350000	335000	15000	210000.0	280000.0	349900
88065566222	2020-07-20	Geneva	Reatha Q Breazeale	Meatzaa	15	12	300	4500	3600	900	2700.0	3600.0	4400
88065566223	2020-07-21	Port Jervis	Antone E Angel	Meatzaa	16	13	2000	32000	26000	6000	19200.0	25600.0	31900
88065566224	2020-07-22	Glen Cove	Antone E Angel	Meatzaa	20	17	600	12000	10200	1800	7200.0	9600.0	11900
88065566225	2020-07-23	Hempstead	Merle N Burrus	Hot Veggie	12	9	1230	14760	11070	3690	8856.0	11808.0	14660
88065566226	2020-07-24	Glens Falls	Twanna Y Manges	Hot Veggie	12	9	900	10800	8100	2700	6480.0	8640.0	10700
88065566227	2020-07-25	Middletown	Reatha Q Breazeale	BBQ Chicken	18	15	2390	43020	35850	7170	25812.0	34416.0	42920
88065566228	2020-07-26	Salamanca	Antone E Angel	BBQ Philly Steak	10	7	10000	100000	70000	30000	60000.0	80000.0	99900
88065566229	2020-07-27	Peekskill	Antone E Angel	Beef Suya	15	12	2300	34500	27600	6900	20700.0	27600.0	34400
88065566230	2020-07-28	Poughkeepsie	Merle N Burrus	Chicken Bali	15	12	7800	117000	93600	23400	70200.0	93600.0	116900
88065566231	2020-07-29	Rye 	Twanna Y Manges	Chicken Feast	23	20	450	10350	9000	1350	6210.0	8280.0	10250
88065566232	2020-07-30	Fulton	Reatha Q Breazeale	Chicken Legend	9	6	2000	18000	12000	6000	10800.0	14400.0	17900
88065566233	2020-07-31	Geneva	Antone E Angel	Chicken Suya	18	15	123	2214	1845	369	1328.3999999999999	1771.2	2114
88065566234	2020-08-01	Port Jervis	Twanna Y Manges	Extravaganza	14	11	12903	180642	141933	38709	108385.2	144513.6	180542
88065566235	2020-08-02	Glen Cove	Reatha Q Breazeale	Hot Pepperoni Feast	30	27	100000	3000000	2700000	300000	1800000.0	2400000.0	2999900
88065566236	2020-08-03	Hempstead	Antone E Angel	Hot Veggie	16	13	12000	192000	156000	36000	115200.0	153600.0	191900
88065566237	2020-08-04	Glens Falls	Twanna Y Manges	Italiano	52	49	60	3120	2940	180	1872.0	2496.0	3020
88065566238	2020-08-05	Middletown	Reatha Q Breazeale	Margarita	14	11	89	1246	979	267	747.6	996.8000000000001	1146
88065566239	2020-08-06	Salamanca	Antone E Angel	Meatzaa	6	3	77	462	231	231	277.2	369.6	362
88065566240	2020-08-07	Peekskill	Twanna Y Manges	Pepperoni Feast	13	10	68	884	680	204	530.4	707.2	784
88065566241	2020-08-08	Poughkeepsie	Reatha Q Breazeale	Pepperoni Suya	15	12	15	225	180	45	135.0	180.0	125
88065566242	2020-08-09	Rye 	Antone E Angel	Veggie Supreme	20	17	47	940	799	141	564.0	752.0	840
88065566243	2020-08-10	Fulton	Twanna Y Manges	BBQ Chicken	12	9	6	72	54	18	43.199999999999996	57.6	-28
88065566244	2020-08-11	Geneva	Reatha Q Breazeale	BBQ Philly Steak	16	13	10	160	130	30	96.0	128.0	60
88065566245	2020-08-12	Port Jervis	Antone E Angel	BBQ Chicken	20	17	11	220	187	33	132.0	176.0	120
88065566246	2020-08-13	Glen Cove	Twanna Y Manges	BBQ Philly Steak	12	9	60	720	540	180	432.0	576.0	620
88065566247	2020-08-14	Hempstead	Reatha Q Breazeale	Italiano	10	7	89	890	623	267	534.0	712.0	790
88065566248	2020-08-15	Glens Falls	Antone E Angel	Margarita	15	12	77	1155	924	231	693.0	924.0	1055
88065566249	2020-08-16	Middletown	Twanna Y Manges	Meatzaa	15	12	68	1020	816	204	612.0	816.0	920
88065566250	2020-08-17	Salamanca	Reatha Q Breazeale	Italiano	20	17	15	300	255	45	180.0	240.0	200
88065566251	2020-08-18	Peekskill	Antone E Angel	Margarita	12	9	100	1200	900	300	720.0	960.0	1100
88065566252	2020-08-19	Poughkeepsie	Twanna Y Manges	Meatzaa	13	10	3000	39000	30000	9000	23400.0	31200.0	38900
88065566253	2020-08-20	Rye 	Reatha Q Breazeale	Meatzaa	15	12	5000	75000	60000	15000	45000.0	60000.0	74900
88065566254	2020-08-21	Fulton	Antone E Angel	Meatzaa	14	11	300	4200	3300	900	2520.0	3360.0	4100
88065566255	2020-08-22	Geneva	Twanna Y Manges	Hot Veggie	30	27	2000	60000	54000	6000	36000.0	48000.0	59900
88065566256	2020-08-23	Port Jervis	Reatha Q Breazeale	Hot Veggie	16	13	600	9600	7800	1800	5760.0	7680.0	9500
88065566257	2020-08-24	Glen Cove	Antone E Angel	BBQ Chicken	9	6	1230	11070	7380	3690	6642.0	8856.0	10970
88065566258	2020-08-25	Hempstead	Twanna Y Manges	BBQ Philly Steak	5	2	900	4500	1800	2700	2700.0	3600.0	4400
88065566259	2020-08-26	Glens Falls	Reatha Q Breazeale	Beef Suya	18	15	2390	43020	35850	7170	25812.0	34416.0	42920
88065566260	2020-08-27	Middletown	Antone E Angel	Chicken Bali	10	7	10000	100000	70000	30000	60000.0	80000.0	99900
88065566261	2020-08-28	Salamanca	Twanna Y Manges	Chicken Feast	20	17	2300	46000	39100	6900	27600.0	36800.0	45900
88065566262	2020-08-29	Peekskill	Reatha Q Breazeale	Chicken Legend	70	67	7800	546000	522600	23400	327600.0	436800.0	545900
88065566263	2020-08-30	Poughkeepsie	Antone E Angel	Chicken Suya	15	12	450	6750	5400	1350	4050.0	5400.0	6650
88065566264	2020-08-31	Rye 	Twanna Y Manges	Extravaganza	12	9	2000	24000	18000	6000	14400.0	19200.0	23900
88065566265	2020-09-01	Fulton	Reatha Q Breazeale	Hot Pepperoni Feast	18	15	123	2214	1845	369	1328.3999999999999	1771.2	2114
88065566266	2020-09-02	Geneva	Antone E Angel	Hot Veggie	23	20	12903	296769	258060	38709	504507.3	237415.2	296669
88065566267	2020-09-03	Port Jervis	Twanna Y Manges	Italiano	9	6	100000	900000	600000	300000	1530000.0	720000.0	899900
88065566268	2020-09-04	Glen Cove	Reatha Q Breazeale	Margarita	18	15	12000	216000	180000	36000	367200.0	172800.0	215900
88065566269	2020-09-05	Hempstead	Antone E Angel	Meatzaa	52	49	60	3120	2940	180	5304.0	2496.0	3020
88065566270	2020-09-06	Glens Falls	Twanna Y Manges	Pepperoni Feast	9	6	89	801	534	267	1361.7	640.8000000000001	701
88065566271	2020-09-07	Middletown	Reatha Q Breazeale	Pepperoni Suya	5	2	77	385	154	231	654.5	308.0	285
88065566272	2020-09-08	Salamanca	Reatha Q Breazeale	Veggie Supreme	14	11	68	952	748	204	1618.3999999999999	761.6	852
88065566273	2020-09-09	Peekskill	Antone E Angel	BBQ Chicken	6	3	15	90	45	45	153.0	72.0	-10
88065566274	2020-09-10	Poughkeepsie	Antone E Angel	BBQ Philly Steak	10	7	47	470	329	141	799.0	376.0	370
88065566275	2020-09-11	Rye 	Merle N Burrus	BBQ Chicken	13	10	6	78	60	18	132.6	62.400000000000006	-22
88065566276	2020-09-12	Fulton	Twanna Y Manges	BBQ Philly Steak	20	17	10	200	170	30	340.0	160.0	100
88065566277	2020-09-13	Geneva	Reatha Q Breazeale	Italiano	15	12	11	165	132	33	280.5	132.0	65
88065566278	2020-09-14	Port Jervis	Antone E Angel	Margarita	20	17	60	1200	1020	180	2040.0	960.0	1100
88065566279	2020-09-15	Glen Cove	Antone E Angel	Meatzaa	12	9	89	1068	801	267	1815.6	854.4000000000001	968
88065566280	2020-09-16	Hempstead	Merle N Burrus	Italiano	16	13	77	1232	1001	231	2094.4	985.6	1132
88065566281	2020-09-17	Glens Falls	Twanna Y Manges	Margarita	70	67	68	4760	4556	204	8092.0	3808.0	4660
88065566282	2020-09-18	Middletown	Reatha Q Breazeale	Meatzaa	15	12	15	225	180	45	382.5	180.0	125
88065566283	2020-09-19	Salamanca	Antone E Angel	Meatzaa	16	13	100	1600	1300	300	2720.0	1280.0	1500
88065566284	2020-09-20	Peekskill	Antone E Angel	Meatzaa	20	17	3000	60000	51000	9000	102000.0	48000.0	59900
88065566285	2020-09-21	Poughkeepsie	Merle N Burrus	Hot Veggie	12	9	5000	60000	45000	15000	102000.0	48000.0	59900
88065566286	2020-09-22	Rye 	Twanna Y Manges	Hot Veggie	12	9	300	3600	2700	900	6120.0	2880.0	3500
88065566287	2020-09-23	Fulton	Reatha Q Breazeale	BBQ Chicken	18	15	2000	36000	30000	6000	61200.0	28800.0	35900
88065566288	2020-09-24	Geneva	Antone E Angel	BBQ Philly Steak	10	7	600	6000	4200	1800	10200.0	4800.0	5900
88065566289	2020-09-25	Port Jervis	Antone E Angel	Beef Suya	15	12	1230	18450	14760	3690	31365.0	14760.0	18350
88065566290	2020-09-26	Glen Cove	Merle N Burrus	Chicken Bali	15	12	900	13500	10800	2700	22950.0	10800.0	13400
88065566291	2020-09-27	Hempstead	Twanna Y Manges	Chicken Feast	23	20	2390	54970	47800	7170	93449.0	43976.0	54870
88065566292	2020-09-28	Glens Falls	Reatha Q Breazeale	Chicken Legend	9	6	10000	90000	60000	30000	153000.0	72000.0	89900
88065566293	2020-09-29	Middletown	Antone E Angel	Chicken Suya	18	15	2300	41400	34500	6900	28979.999999999996	33120.0	41300
88065566294	2020-09-30	Salamanca	Antone E Angel	Extravaganza	14	11	7800	109200	85800	23400	76440.0	87360.0	109100
88065566295	2020-10-01	Peekskill	Merle N Burrus	Hot Pepperoni Feast	30	27	450	13500	12150	1350	9450.0	10800.0	13400
88065566296	2020-10-02	Poughkeepsie	Twanna Y Manges	Hot Veggie	16	13	2000	32000	26000	6000	22400.0	25600.0	31900
88065566297	2020-10-03	Rye 	Reatha Q Breazeale	Italiano	52	49	123	6396	6027	369	4477.2	5116.8	6296
88065566298	2020-10-04	Fulton	Antone E Angel	Margarita	14	11	12903	180642	141933	38709	126449.4	144513.6	180542
88065566299	2020-10-05	Geneva	Antone E Angel	Meatzaa	6	3	100000	600000	300000	300000	420000.0	480000.0	599900
88065566300	2020-10-06	Port Jervis	Merle N Burrus	Pepperoni Feast	13	10	12000	156000	120000	36000	109200.0	124800.0	155900
88065566301	2020-10-07	Glen Cove	Twanna Y Manges	Pepperoni Suya	15	12	60	900	720	180	630.0	720.0	800
88065566302	2020-10-08	Hempstead	Reatha Q Breazeale	Veggie Supreme	20	17	89	1780	1513	267	1246.0	1424.0	1680
88065566303	2020-10-09	Glens Falls	Antone E Angel	BBQ Chicken	12	9	77	924	693	231	646.8	739.2	824
88065566304	2020-10-10	Middletown	Antone E Angel	BBQ Philly Steak	16	13	68	1088	884	204	761.5999999999999	870.4000000000001	988
88065566305	2020-10-11	Salamanca	Antone E Angel	BBQ Chicken	20	17	15	300	255	45	210.0	240.0	200
88065566306	2020-10-12	Peekskill	Merle N Burrus	BBQ Philly Steak	12	9	47	564	423	141	394.79999999999995	451.20000000000005	464
88065566307	2020-10-13	Poughkeepsie	Twanna Y Manges	Italiano	10	7	6	60	42	18	42.0	48.0	-40
88065566308	2020-10-14	Rye 	Reatha Q Breazeale	Margarita	15	12	10	150	120	30	105.0	120.0	50
88065566309	2020-10-15	Fulton	Antone E Angel	Meatzaa	15	12	11	165	132	33	115.49999999999999	132.0	65
88065566310	2020-10-16	Geneva	Antone E Angel	Italiano	20	17	60	1200	1020	180	840.0	960.0	1100
88065566311	2020-10-17	Port Jervis	Merle N Burrus	Margarita	12	9	89	1068	801	267	747.5999999999999	854.4000000000001	968
88065566312	2020-10-18	Glen Cove	Twanna Y Manges	Meatzaa	13	10	77	1001	770	231	700.6999999999999	800.8000000000001	901
88065566313	2020-10-19	Hempstead	Reatha Q Breazeale	Meatzaa	15	12	68	1020	816	204	714.0	816.0	920
88065566314	2020-10-20	Glens Falls	Antone E Angel	Meatzaa	14	11	15	210	165	45	147.0	168.0	110
88065566315	2020-10-21	Middletown	Antone E Angel	Hot Veggie	30	27	100	3000	2700	300	2100.0	2400.0	2900
88065566316	2020-10-22	Salamanca	Merle N Burrus	Hot Veggie	16	13	3000	48000	39000	9000	33600.0	38400.0	47900
88065566317	2020-10-23	Peekskill	Twanna Y Manges	BBQ Chicken	9	6	5000	45000	30000	15000	31499.999999999996	36000.0	44900
88065566318	2020-10-24	Poughkeepsie	Reatha Q Breazeale	BBQ Philly Steak	5	2	300	1500	600	900	1050.0	1200.0	1400
88065566319	2020-10-25	Rye 	Antone E Angel	Beef Suya	18	15	2000	36000	30000	6000	25200.0	28800.0	35900
88065566320	2020-10-26	Fulton	Antone E Angel	Chicken Bali	10	7	600	6000	4200	1800	4200.0	4800.0	5900
88065566321	2020-10-27	Geneva	Antone E Angel	Chicken Feast	52	49	1230	63960	60270	3690	44772.0	51168.0	63860
88065566322	2020-10-28	Port Jervis	Merle N Burrus	Chicken Legend	9	6	900	8100	5400	2700	5670.0	6480.0	8000
88065566323	2020-10-29	Glen Cove	Twanna Y Manges	Chicken Suya	5	2	2390	11950	4780	7170	8365.0	9560.0	11850
88065566324	2020-10-30	Hempstead	Reatha Q Breazeale	Extravaganza	14	11	10000	140000	110000	30000	98000.0	112000.0	139900
88065566325	2020-10-31	Glens Falls	Antone E Angel	Hot Pepperoni Feast	6	3	2300	13800	6900	6900	9660.0	11040.0	13700
88065566326	2020-11-01	Middletown	Merle N Burrus	Hot Veggie	10	7	7800	78000	54600	23400	54600.0	62400.0	77900
88065566327	2020-11-02	Salamanca	Twanna Y Manges	Italiano	13	10	450	5850	4500	1350	4094.9999999999995	4680.0	5750
88065566328	2020-11-03	Peekskill	Reatha Q Breazeale	Margarita	20	17	2000	40000	34000	6000	28000.0	32000.0	39900
88065566329	2020-11-04	Poughkeepsie	Antone E Angel	Meatzaa	15	12	123	1845	1476	369	1291.5	1476.0	1745
88065566330	2020-11-05	Rye 	Merle N Burrus	Pepperoni Feast	20	17	12903	258060	219351	38709	180642.0	206448.0	257960
88065566331	2020-11-06	Fulton	Twanna Y Manges	Pepperoni Suya	12	9	100000	1200000	900000	300000	840000.0	960000.0	1199900
88065566332	2020-11-07	Geneva	Reatha Q Breazeale	Veggie Supreme	16	13	12000	192000	156000	36000	134400.0	153600.0	191900
88065566333	2020-11-08	Port Jervis	Antone E Angel	BBQ Chicken	70	67	60	4200	4020	180	2940.0	3360.0	4100
88065566334	2020-11-09	Glen Cove	Merle N Burrus	BBQ Philly Steak	15	12	89	1335	1068	267	934.4999999999999	1068.0	1235
88065566335	2020-11-10	Hempstead	Twanna Y Manges	BBQ Chicken	16	13	77	1232	1001	231	862.4	985.6	1132
88065566336	2020-11-11	Glens Falls	Reatha Q Breazeale	BBQ Philly Steak	20	17	68	1360	1156	204	951.9999999999999	1088.0	1260
88065566337	2020-11-12	Middletown	Antone E Angel	Italiano	12	9	15	180	135	45	125.99999999999999	144.0	80
88065566338	2020-11-13	Salamanca	Merle N Burrus	Margarita	12	9	47	564	423	141	394.79999999999995	451.20000000000005	464
88065566339	2020-11-14	Peekskill	Twanna Y Manges	Meatzaa	18	15	6	108	90	18	75.6	86.4	8
88065566340	2020-11-15	Poughkeepsie	Reatha Q Breazeale	Italiano	10	7	10	100	70	30	70.0	80.0	0
88065566341	2020-11-16	Rye 	Antone E Angel	Margarita	15	12	11	165	132	33	115.49999999999999	132.0	65
88065566342	2020-11-17	Fulton	Merle N Burrus	Meatzaa	15	12	60	900	720	180	630.0	720.0	800
88065566343	2020-11-18	Geneva	Antone E Angel	Meatzaa	23	20	89	2047	1780	267	1432.8999999999999	1637.6000000000001	1947
88065566344	2020-11-19	Port Jervis	Merle N Burrus	Meatzaa	9	6	77	693	462	231	485.09999999999997	554.4	593
88065566345	2020-11-20	Glen Cove	Antone E Angel	Hot Veggie	18	15	68	1224	1020	204	856.8	979.2	1124
88065566346	2020-11-21	Hempstead	Merle N Burrus	Hot Veggie	14	11	15	210	165	45	147.0	168.0	110
88065566347	2020-11-22	Glens Falls	Antone E Angel	BBQ Chicken	30	27	100	3000	2700	300	2100.0	2400.0	2900
88065566348	2020-11-23	Middletown	Merle N Burrus	BBQ Philly Steak	16	13	3000	48000	39000	9000	33600.0	38400.0	47900
88065566349	2020-11-24	Salamanca	Antone E Angel	Beef Suya	52	49	5000	260000	245000	15000	182000.0	208000.0	259900
88065566350	2020-11-25	Peekskill	Merle N Burrus	Chicken Bali	14	11	300	4200	3300	900	2940.0	3360.0	4100
88065566351	2020-11-26	Poughkeepsie	Antone E Angel	Chicken Feast	6	3	2000	12000	6000	6000	8400.0	9600.0	11900
88065566352	2020-11-27	Rye 	Merle N Burrus	Chicken Legend	13	10	600	7800	6000	1800	5460.0	6240.0	7700
88065566353	2020-11-28	Fulton	Antone E Angel	Chicken Suya	15	12	1230	18450	14760	3690	12915.0	14760.0	18350
88065566354	2020-11-29	Geneva	Merle N Burrus	Extravaganza	20	17	900	18000	15300	2700	12600.0	14400.0	17900
88065566355	2020-11-30	Port Jervis	Antone E Angel	Hot Pepperoni Feast	12	9	2390	28680	21510	7170	20076.0	22944.0	28580
88065566356	2020-12-01	Glen Cove	Merle N Burrus	Hot Veggie	16	13	10000	160000	130000	30000	112000.0	128000.0	159900
88065566357	2020-12-02	Hempstead	Antone E Angel	Italiano	20	17	2300	46000	39100	6900	32199.999999999996	36800.0	45900
88065566358	2020-12-03	Glens Falls	Merle N Burrus	Margarita	12	9	7800	93600	70200	23400	65519.99999999999	74880.0	93500
88065566359	2020-12-04	Middletown	Antone E Angel	Meatzaa	10	7	450	4500	3150	1350	3150.0	3600.0	4400
88065566360	2020-12-05	Salamanca	Merle N Burrus	Pepperoni Feast	15	12	2000	30000	24000	6000	21000.0	24000.0	29900
88065566361	2020-12-06	Peekskill	Antone E Angel	Pepperoni Suya	15	12	123	1845	1476	369	1291.5	1476.0	1745
88065566362	2020-12-07	Poughkeepsie	Merle N Burrus	Veggie Supreme	20	17	12903	258060	219351	38709	180642.0	206448.0	257960
88065566363	2020-12-08	Rye 	Antone E Angel	BBQ Chicken	12	9	100000	1200000	900000	300000	840000.0	960000.0	1199900
88065566364	2020-12-09	Fulton	Merle N Burrus	BBQ Philly Steak	13	10	12000	156000	120000	36000	109200.0	124800.0	155900
88065566365	2020-12-10	Geneva	Antone E Angel	BBQ Chicken	15	12	60	900	720	180	630.0	720.0	800
88065566366	2020-08-04	Port Jervis	Merle N Burrus	BBQ Philly Steak	14	11	89	1246	979	267	872.1999999999999	996.8000000000001	1146
88065566367	2020-08-05	Glen Cove	Antone E Angel	Italiano	30	27	77	2310	2079	231	1617.0	1848.0	2210
88065566368	2020-08-09	Hempstead	Merle N Burrus	Margarita	16	13	68	1088	884	204	761.5999999999999	870.4000000000001	988
88065566369	2020-08-08	Glens Falls	Antone E Angel	Meatzaa	9	6	15	135	90	45	94.5	108.0	35
88065566370	2020-08-08	Middletown	Merle N Burrus	Italiano	5	2	47	235	94	141	164.5	188.0	135
88065566371	2020-08-09	Salamanca	Antone E Angel	Margarita	18	15	6	108	90	18	75.6	86.4	8
88065566372	2020-08-10	Peekskill	Merle N Burrus	Meatzaa	10	7	10	100	70	30	70.0	80.0	0
88065566373	2020-08-11	Poughkeepsie	Antone E Angel	Meatzaa	20	17	11	220	187	33	154.0	176.0	120
88065566374	2020-08-12	Rye 	Merle N Burrus	Meatzaa	70	67	60	4200	4020	180	2940.0	3360.0	4100
88065566375	2020-08-13	Fulton	Antone E Angel	Hot Veggie	15	12	89	1335	1068	267	934.4999999999999	1068.0	1235
88065566376	2020-08-14	Geneva	Merle N Burrus	Hot Veggie	12	9	77	924	693	231	646.8	739.2	824
88065566377	2020-08-15	Port Jervis	Antone E Angel	BBQ Chicken	18	15	68	1224	1020	204	856.8	979.2	1124
88065566378	2020-08-19	Glen Cove	Merle N Burrus	BBQ Philly Steak	23	20	15	345	300	45	241.49999999999997	276.0	245
88065566379	2020-08-18	Hempstead	Antone E Angel	Beef Suya	9	6	100	900	600	300	630.0	720.0	800
88065566380	2020-08-18	Glens Falls	Merle N Burrus	Chicken Bali	18	15	3000	54000	45000	9000	37800.0	43200.0	53900
88065566381	2020-08-19	Middletown	Antone E Angel	Chicken Feast	52	49	5000	260000	245000	15000	182000.0	208000.0	259900
88065566382	2020-08-20	Salamanca	Merle N Burrus	Chicken Legend	9	6	300	2700	1800	900	1889.9999999999998	2160.0	2600
88065566383	2020-08-21	Peekskill	Antone E Angel	Chicken Suya	5	2	2000	10000	4000	6000	7000.0	8000.0	9900
88065566384	2020-08-22	Poughkeepsie	Merle N Burrus	Extravaganza	14	11	600	8400	6600	1800	5880.0	6720.0	8300
88065566385	2020-08-23	Rye 	Antone E Angel	Hot Pepperoni Feast	6	3	1230	7380	3690	3690	5166.0	5904.0	7280
88065566386	2020-08-24	Fulton	Merle N Burrus	Hot Veggie	10	7	900	9000	6300	2700	6300.0	7200.0	8900
88065566387	2020-08-25	Geneva	Antone E Angel	Italiano	13	10	2390	31070	23900	7170	21749.0	24856.0	30970
88065566388	2020-08-29	Port Jervis	Merle N Burrus	Margarita	20	17	10000	200000	170000	30000	140000.0	160000.0	199900
88065566389	2020-08-28	Glen Cove	Antone E Angel	Meatzaa	15	12	2300	34500	27600	6900	24150.0	27600.0	34400
88065566390	2020-08-28	Hempstead	Merle N Burrus	Pepperoni Feast	20	17	7800	156000	132600	23400	109200.0	124800.0	155900
88065566391	2020-08-29	Glens Falls	Antone E Angel	Pepperoni Suya	12	9	450	5400	4050	1350	3779.9999999999995	4320.0	5300
88065566392	2020-08-30	Middletown	Merle N Burrus	Veggie Supreme	16	13	2000	32000	26000	6000	22400.0	25600.0	31900
88065566393	2020-08-31	Salamanca	Antone E Angel	BBQ Chicken	70	67	123	8610	8241	369	6027.0	6888.0	8510
88065566394	2020-09-01	Peekskill	Merle N Burrus	BBQ Philly Steak	15	12	12903	193545	154836	38709	135481.5	154836.0	193445
88065566395	2020-09-02	Poughkeepsie	Antone E Angel	BBQ Chicken	16	13	100000	1600000	1300000	300000	1120000.0	1280000.0	1599900
88065566396	2020-09-03	Rye 	Merle N Burrus	BBQ Philly Steak	20	17	12000	240000	204000	36000	168000.0	192000.0	239900
88065566397	2020-09-04	Fulton	Antone E Angel	Italiano	12	9	60	720	540	180	503.99999999999994	576.0	620
88065566398	2020-09-05	Geneva	Merle N Burrus	Margarita	12	9	89	1068	801	267	747.5999999999999	854.4000000000001	968
88065566399	2020-09-09	Port Jervis	Antone E Angel	Meatzaa	18	15	77	1386	1155	231	970.1999999999999	1108.8	1286
88065566400	2020-09-08	Glen Cove	Merle N Burrus	Italiano	10	7	68	680	476	204	475.99999999999994	544.0	580
88065566401	2020-09-08	Hempstead	Antone E Angel	Margarita	15	12	15	225	180	45	157.5	180.0	125
88065566402	2020-09-09	Glens Falls	Merle N Burrus	Meatzaa	15	12	47	705	564	141	493.49999999999994	564.0	605
88065566403	2020-09-10	Middletown	Antone E Angel	Meatzaa	23	20	6	138	120	18	96.6	110.4	38
88065566404	2020-09-11	Salamanca	Merle N Burrus	Meatzaa	9	6	10	90	60	30	62.99999999999999	72.0	-10
88065566405	2020-09-12	Peekskill	Antone E Angel	Hot Veggie	18	15	11	198	165	33	138.6	158.4	98
88065566406	2020-09-13	Poughkeepsie	Merle N Burrus	Hot Veggie	14	11	60	840	660	180	588.0	672.0	740
88065566407	2020-09-14	Rye 	Antone E Angel	BBQ Chicken	30	27	89	2670	2403	267	1868.9999999999998	2136.0	2570
88065566408	2020-09-15	Fulton	Merle N Burrus	BBQ Philly Steak	16	13	77	1232	1001	231	862.4	985.6	1132
88065566409	2020-09-19	Geneva	Antone E Angel	Beef Suya	52	49	68	3536	3332	204	4950.4	2828.8	3436
88065566410	2020-09-18	Port Jervis	Merle N Burrus	Chicken Bali	14	11	15	210	165	45	294.0	168.0	110
88065566411	2020-09-18	Glen Cove	Antone E Angel	Chicken Feast	6	3	100	600	300	300	840.0	480.0	500
88065566412	2020-09-19	Hempstead	Merle N Burrus	Chicken Legend	13	10	3000	39000	30000	9000	54600.0	31200.0	38900
88065566413	2020-09-20	Glens Falls	Antone E Angel	Chicken Suya	15	12	5000	75000	60000	15000	105000.0	60000.0	74900
88065566414	2020-09-21	Middletown	Merle N Burrus	Extravaganza	20	17	300	6000	5100	900	8400.0	4800.0	5900
88065566415	2020-09-22	Salamanca	Antone E Angel	Hot Pepperoni Feast	12	9	2000	24000	18000	6000	33600.0	19200.0	23900
88065566416	2020-09-23	Peekskill	Merle N Burrus	Hot Veggie	16	13	600	9600	7800	1800	13440.0	7680.0	9500
88065566417	2020-09-24	Poughkeepsie	Antone E Angel	Italiano	20	17	1230	24600	20910	3690	34440.0	19680.0	24500
88065566418	2020-09-25	Rye 	Merle N Burrus	Margarita	12	9	900	10800	8100	2700	15119.999999999998	8640.0	10700
88065566419	2020-09-29	Fulton	Antone E Angel	Meatzaa	10	7	2390	23900	16730	7170	33460.0	19120.0	23800
88065566420	2020-09-28	Geneva	Merle N Burrus	Pepperoni Feast	15	12	10000	150000	120000	30000	210000.0	120000.0	149900
88065566421	2020-09-28	Port Jervis	Antone E Angel	Pepperoni Suya	15	12	2300	34500	27600	6900	48300.0	27600.0	34400
88065566422	2020-09-29	Glen Cove	Merle N Burrus	Veggie Supreme	20	17	7800	156000	132600	23400	218400.0	124800.0	155900
88065566423	2020-09-30	Hempstead	Antone E Angel	BBQ Chicken	12	9	450	5400	4050	1350	7559.999999999999	4320.0	5300
88065566424	2020-09-20	Glens Falls	Merle N Burrus	BBQ Philly Steak	13	10	2000	26000	20000	6000	36400.0	20800.0	25900
88065566425	2020-09-21	Middletown	Antone E Angel	BBQ Chicken	15	12	123	1845	1476	369	2583.0	1476.0	1745
88065566426	2020-09-22	Salamanca	Merle N Burrus	BBQ Philly Steak	14	11	12903	180642	141933	38709	252898.8	144513.6	180542
88065566427	2020-09-23	Peekskill	Antone E Angel	Italiano	30	27	100000	3000000	2700000	300000	4200000.0	2400000.0	2999900
88065566428	2020-09-24	Poughkeepsie	Merle N Burrus	Margarita	16	13	12000	192000	156000	36000	268800.0	153600.0	191900
88065566429	2020-09-25	Rye 	Antone E Angel	Meatzaa	9	6	60	540	360	180	756.0	432.0	440
88065566430	2020-09-29	Fulton	Twanna Y Manges	Italiano	5	2	89	445	178	267	623.0	356.0	345
88065566431	2020-09-28	Geneva	Reatha Q Breazeale	Margarita	18	15	77	1386	1155	231	1940.3999999999999	1108.8	1286
88065566432	2020-09-28	Port Jervis	Twanna Y Manges	Meatzaa	10	7	68	680	476	204	951.9999999999999	544.0	580
88065566433	2020-09-29	Glen Cove	Reatha Q Breazeale	Meatzaa	20	17	15	300	255	45	420.0	240.0	200
88065566434	2020-09-30	Hempstead	Twanna Y Manges	Meatzaa	70	67	47	3290	3149	141	4606.0	2632.0	3190
88065566435	2020-08-01	Glens Falls	Reatha Q Breazeale	Hot Veggie	15	12	6	90	72	18	125.99999999999999	72.0	-10
88065566436	2020-08-02	Middletown	Twanna Y Manges	Hot Veggie	12	9	10	120	90	30	168.0	96.0	20
88065566437	2020-08-03	Salamanca	Reatha Q Breazeale	BBQ Chicken	18	15	11	198	165	33	277.2	158.4	98
88065566438	2020-08-04	Peekskill	Twanna Y Manges	BBQ Philly Steak	23	20	60	1380	1200	180	1931.9999999999998	1104.0	1280
88065566439	2020-08-05	Poughkeepsie	Reatha Q Breazeale	Beef Suya	9	6	89	801	534	267	1121.3999999999999	640.8000000000001	701
88065566440	2020-08-09	Rye 	Twanna Y Manges	Chicken Bali	18	15	77	1386	1155	231	1940.3999999999999	1108.8	1286
88065566441	2020-08-08	Fulton	Reatha Q Breazeale	Chicken Feast	52	49	68	3536	3332	204	4950.4	2828.8	3436
88065566442	2020-08-08	Geneva	Twanna Y Manges	Chicken Legend	9	6	15	135	90	45	189.0	108.0	35
88065566443	2020-08-09	Port Jervis	Reatha Q Breazeale	Chicken Suya	5	2	100	500	200	300	700.0	400.0	400
88065566444	2020-08-10	Glen Cove	Twanna Y Manges	Extravaganza	14	11	3000	42000	33000	9000	58799.99999999999	33600.0	41900
88065566445	2020-08-11	Hempstead	Reatha Q Breazeale	Hot Pepperoni Feast	6	3	5000	30000	15000	15000	42000.0	24000.0	29900
88065566446	2020-08-12	Glens Falls	Twanna Y Manges	Hot Veggie	10	7	300	3000	2100	900	4200.0	2400.0	2900
88065566447	2020-08-13	Middletown	Reatha Q Breazeale	Italiano	13	10	2000	26000	20000	6000	36400.0	20800.0	25900
88065566448	2020-08-14	Salamanca	Twanna Y Manges	Margarita	20	17	600	12000	10200	1800	16800.0	9600.0	11900
88065566449	2020-08-15	Peekskill	Reatha Q Breazeale	Meatzaa	15	12	1230	18450	14760	3690	25830.0	14760.0	18350
88065566450	2020-08-19	Poughkeepsie	Antone E Angel	Pepperoni Feast	20	17	900	18000	15300	2700	25200.0	14400.0	17900
88065566451	2020-08-18	Rye 	Merle N Burrus	Pepperoni Suya	12	9	2390	28680	21510	7170	40152.0	22944.0	28580
88065566452	2020-08-18	Fulton	Twanna Y Manges	Veggie Supreme	16	13	10000	160000	130000	30000	224000.0	128000.0	159900
88065566453	2020-08-19	Geneva	Reatha Q Breazeale	BBQ Chicken	70	67	2300	161000	154100	6900	225400.0	128800.0	160900
88065566454	2020-08-20	Port Jervis	Antone E Angel	BBQ Philly Steak	15	12	7800	117000	93600	23400	163800.0	93600.0	116900
88065566455	2020-08-21	Glen Cove	Merle N Burrus	BBQ Chicken	16	13	450	7200	5850	1350	10080.0	5760.0	7100
88065566456	2020-08-22	Hempstead	Twanna Y Manges	BBQ Philly Steak	20	17	2000	40000	34000	6000	56000.0	32000.0	39900
88065566457	2020-08-23	Glens Falls	Reatha Q Breazeale	Italiano	12	9	123	1476	1107	369	2066.4	1180.8	1376
88065566458	2020-08-24	Middletown	Antone E Angel	Margarita	12	9	12903	154836	116127	38709	216770.4	123868.8	154736
88065566459	2020-08-25	Salamanca	Merle N Burrus	Meatzaa	18	15	100000	1800000	1500000	300000	2520000.0	1440000.0	1799900
88065566460	2020-08-29	Peekskill	Twanna Y Manges	Italiano	10	7	12000	120000	84000	36000	168000.0	96000.0	119900
88065566461	2020-08-28	Poughkeepsie	Reatha Q Breazeale	Margarita	15	12	60	900	720	180	1260.0	720.0	800
88065566462	2020-08-28	Rye 	Antone E Angel	Meatzaa	15	12	89	1335	1068	267	1868.9999999999998	1068.0	1235
88065566463	2020-08-29	Fulton	Merle N Burrus	Meatzaa	23	20	77	1771	1540	231	2479.3999999999996	1416.8000000000002	1671
88065566464	2020-08-30	Geneva	Twanna Y Manges	Meatzaa	9	6	68	612	408	204	856.8	489.6	512
88065566465	2020-08-31	Port Jervis	Reatha Q Breazeale	Hot Veggie	18	15	15	270	225	45	378.0	216.0	170
88065566466	2020-08-01	Glen Cove	Antone E Angel	Hot Veggie	14	11	47	658	517	141	921.1999999999999	526.4	558
88065566467	2020-08-02	Hempstead	Merle N Burrus	BBQ Chicken	30	27	6	180	162	18	251.99999999999997	144.0	80
88065566468	2020-08-03	Glens Falls	Twanna Y Manges	BBQ Philly Steak	16	13	10	160	130	30	224.0	128.0	60
88065566469	2020-08-04	Middletown	Reatha Q Breazeale	Beef Suya	52	49	11	572	539	33	800.8	457.6	472
88065566470	2020-08-05	Salamanca	Antone E Angel	Chicken Bali	14	11	60	840	660	180	1176.0	672.0	740
88065566471	2020-08-09	Peekskill	Merle N Burrus	Chicken Feast	6	3	89	534	267	267	747.5999999999999	427.20000000000005	434
88065566472	2020-08-08	Poughkeepsie	Twanna Y Manges	Chicken Legend	13	10	77	1001	770	231	1401.3999999999999	800.8000000000001	901
88065566473	2020-08-08	Rye 	Reatha Q Breazeale	Chicken Suya	15	12	68	1020	816	204	1428.0	816.0	920
88065566474	2020-08-09	Fulton	Antone E Angel	Extravaganza	20	17	15	300	255	45	420.0	240.0	200
88065566475	2020-08-10	Geneva	Merle N Burrus	Hot Pepperoni Feast	12	9	100	1200	900	300	1680.0	960.0	1100
88065566476	2020-08-11	Port Jervis	Twanna Y Manges	Hot Veggie	16	13	3000	48000	39000	9000	67200.0	38400.0	47900
88065566477	2020-08-12	Glen Cove	Reatha Q Breazeale	Italiano	20	17	5000	100000	85000	15000	140000.0	80000.0	99900
88065566478	2020-08-13	Hempstead	Antone E Angel	Margarita	12	9	300	3600	2700	900	5040.0	2880.0	3500
88065566479	2020-08-14	Glens Falls	Merle N Burrus	Meatzaa	10	7	2000	20000	14000	6000	28000.0	16000.0	19900
88065566480	2020-08-15	Middletown	Twanna Y Manges	Pepperoni Feast	15	12	600	9000	7200	1800	12600.0	7200.0	8900
88065566481	2020-08-19	Salamanca	Reatha Q Breazeale	Pepperoni Suya	15	12	1230	18450	14760	3690	25830.0	14760.0	18350
88065566482	2020-08-18	Peekskill	Antone E Angel	Veggie Supreme	20	17	900	18000	15300	2700	25200.0	14400.0	17900
88065566483	2020-08-18	Poughkeepsie	Merle N Burrus	BBQ Chicken	12	9	2390	28680	21510	7170	40152.0	22944.0	28580
88065566484	2020-08-19	Rye 	Twanna Y Manges	BBQ Philly Steak	13	10	10000	130000	100000	30000	182000.0	104000.0	129900
88065566485	2020-08-20	Fulton	Reatha Q Breazeale	BBQ Chicken	15	12	2300	34500	27600	6900	48300.0	27600.0	34400
88065566486	2020-08-21	Geneva	Antone E Angel	BBQ Philly Steak	14	11	7800	109200	85800	23400	152880.0	87360.0	109100
88065566487	2020-08-22	Port Jervis	Merle N Burrus	Italiano	30	27	450	13500	12150	1350	18900.0	10800.0	13400
88065566488	2020-08-23	Glen Cove	Twanna Y Manges	Margarita	16	13	2000	32000	26000	6000	44800.0	25600.0	31900
88065566489	2020-08-24	Hempstead	Reatha Q Breazeale	Meatzaa	9	6	123	1107	738	369	1549.8	885.6	1007
88065566490	2020-08-25	Glens Falls	Antone E Angel	Italiano	5	2	12903	64515	25806	38709	90321.0	51612.0	64415
88065566491	2020-08-29	Middletown	Merle N Burrus	Margarita	18	15	100000	1800000	1500000	300000	2520000.0	1440000.0	1799900
88065566492	2020-08-28	Salamanca	Twanna Y Manges	Meatzaa	10	7	12000	120000	84000	36000	168000.0	96000.0	119900
88065566493	2020-08-28	Peekskill	Reatha Q Breazeale	Meatzaa	20	17	60	1200	1020	180	1680.0	960.0	1100
88065566494	2020-08-29	Poughkeepsie	Antone E Angel	Meatzaa	70	67	89	6230	5963	267	8722.0	4984.0	6130
88065566495	2020-08-30	Rye 	Merle N Burrus	Hot Veggie	15	12	77	1155	924	231	1617.0	924.0	1055
88065566496	2020-08-31	Fulton	Twanna Y Manges	Hot Veggie	12	9	68	816	612	204	1142.3999999999999	652.8000000000001	716
88065566497	2020-09-01	Geneva	Reatha Q Breazeale	BBQ Chicken	18	15	15	270	225	45	378.0	216.0	170
88065566498	2020-09-02	Port Jervis	Antone E Angel	BBQ Philly Steak	23	20	47	1081	940	141	1513.3999999999999	864.8000000000001	981
88065566499	2020-09-03	Glen Cove	Merle N Burrus	Beef Suya	9	6	6	54	36	18	75.6	43.2	-46
88065566500	2020-09-04	Hempstead	Twanna Y Manges	Chicken Bali	18	15	10	180	150	30	251.99999999999997	144.0	80
88065566501	2020-09-05	Glens Falls	Reatha Q Breazeale	Chicken Feast	52	49	11	572	539	33	800.8	457.6	472
88065566502	2020-09-09	Middletown	Antone E Angel	Chicken Legend	9	6	60	540	360	180	756.0	432.0	440
88065566503	2020-09-08	Salamanca	Merle N Burrus	Chicken Suya	5	2	89	445	178	267	623.0	356.0	345
88065566504	2020-09-08	Peekskill	Twanna Y Manges	Extravaganza	14	11	77	1078	847	231	1509.1999999999998	862.4000000000001	978
88065566505	2020-09-09	Poughkeepsie	Reatha Q Breazeale	Hot Pepperoni Feast	6	3	68	408	204	204	571.1999999999999	326.40000000000003	308
88065566506	2020-09-10	Rye 	Antone E Angel	Hot Veggie	10	7	15	150	105	45	210.0	120.0	50
88065566507	2020-09-11	Fulton	Merle N Burrus	Italiano	13	10	100	1300	1000	300	1819.9999999999998	1040.0	1200
88065566508	2020-09-12	Geneva	Twanna Y Manges	Margarita	20	17	3000	60000	51000	9000	84000.0	48000.0	59900
88065566509	2020-09-13	Port Jervis	Reatha Q Breazeale	Meatzaa	15	12	5000	75000	60000	15000	105000.0	60000.0	74900
88065566510	2020-09-14	Glen Cove	Antone E Angel	Pepperoni Feast	20	17	300	6000	5100	900	8400.0	4800.0	5900
88065566511	2020-09-15	Hempstead	Merle N Burrus	Pepperoni Suya	12	9	2000	24000	18000	6000	33600.0	19200.0	23900
88065566512	2020-09-19	Glens Falls	Twanna Y Manges	Veggie Supreme	16	13	600	9600	7800	1800	13440.0	7680.0	9500
88065566513	2020-09-18	Middletown	Reatha Q Breazeale	BBQ Chicken	70	67	1230	86100	82410	3690	120539.99999999999	68880.0	86000
88065566514	2020-09-18	Salamanca	Antone E Angel	BBQ Philly Steak	15	12	900	13500	10800	2700	18900.0	10800.0	13400
88065566515	2020-09-19	Peekskill	Merle N Burrus	BBQ Chicken	16	13	2390	38240	31070	7170	53536.0	30592.0	38140
88065566516	2020-09-20	Poughkeepsie	Twanna Y Manges	BBQ Philly Steak	20	17	10000	200000	170000	30000	280000.0	160000.0	199900
88065566517	2020-09-21	Rye 	Reatha Q Breazeale	Italiano	12	9	2300	27600	20700	6900	38640.0	22080.0	27500
88065566518	2020-09-22	Fulton	Antone E Angel	Margarita	12	9	7800	93600	70200	23400	131039.99999999999	74880.0	93500
88065566519	2020-09-23	Geneva	Merle N Burrus	Meatzaa	18	15	450	8100	6750	1350	11340.0	6480.0	8000
88065566520	2020-09-24	Port Jervis	Twanna Y Manges	Italiano	10	7	2000	20000	14000	6000	28000.0	16000.0	19900
88065566521	2020-09-25	Glen Cove	Reatha Q Breazeale	Margarita	15	12	123	1845	1476	369	2583.0	1476.0	1745
88065566522	2020-09-29	Hempstead	Antone E Angel	Meatzaa	15	12	12903	193545	154836	38709	270963.0	154836.0	193445
88065566523	2020-09-28	Glens Falls	Merle N Burrus	Meatzaa	23	20	100000	2300000	2000000	300000	3220000.0	1840000.0	2299900
88065566524	2020-09-28	Middletown	Twanna Y Manges	Meatzaa	9	6	12000	108000	72000	36000	151200.0	86400.0	107900
88065566525	2020-09-29	Salamanca	Reatha Q Breazeale	Hot Veggie	18	15	60	1080	900	180	1512.0	864.0	980
88065566526	2020-09-30	Peekskill	Antone E Angel	Hot Veggie	14	11	89	1246	979	267	1744.3999999999999	996.8000000000001	1146
88065566527	2020-09-20	Poughkeepsie	Merle N Burrus	BBQ Chicken	30	27	77	2310	2079	231	3234.0	1848.0	2210
88065566528	2020-09-21	Rye 	Twanna Y Manges	BBQ Philly Steak	16	13	68	1088	884	204	1523.1999999999998	870.4000000000001	988
88065566529	2020-09-22	Fulton	Reatha Q Breazeale	Beef Suya	52	49	15	780	735	45	1092.0	624.0	680
88065566530	2020-09-23	Geneva	Antone E Angel	Chicken Bali	14	11	47	658	517	141	921.1999999999999	526.4	558
88065566531	2020-09-24	Port Jervis	Merle N Burrus	Chicken Feast	6	3	6	36	18	18	50.4	28.8	-64
88065566532	2020-09-25	Glen Cove	Twanna Y Manges	Chicken Legend	13	10	10	130	100	30	182.0	104.0	30
88065566533	2020-09-29	Hempstead	Reatha Q Breazeale	Chicken Suya	15	12	11	165	132	33	230.99999999999997	132.0	65
88065566534	2020-09-28	Glens Falls	Antone E Angel	Extravaganza	20	17	60	1200	1020	180	1680.0	960.0	1100
88065566535	2020-09-28	Middletown	Merle N Burrus	Hot Pepperoni Feast	12	9	89	1068	801	267	1495.1999999999998	854.4000000000001	968
88065566536	2020-09-29	Salamanca	Twanna Y Manges	Hot Veggie	16	13	77	1232	1001	231	1724.8	985.6	1132
88065566537	2020-09-30	Peekskill	Reatha Q Breazeale	Italiano	20	17	68	1360	1156	204	1903.9999999999998	1088.0	1260
88065566538	2020-08-01	Poughkeepsie	Antone E Angel	Margarita	12	9	15	180	135	45	251.99999999999997	144.0	80
88065566539	2020-08-02	Rye 	Merle N Burrus	Meatzaa	10	7	100	1000	700	300	1400.0	800.0	900
88065566540	2020-08-03	Fulton	Twanna Y Manges	Pepperoni Feast	15	12	3000	45000	36000	9000	62999.99999999999	36000.0	44900
88065566541	2020-08-04	Geneva	Reatha Q Breazeale	Pepperoni Suya	15	12	5000	75000	60000	15000	105000.0	60000.0	74900
88065566542	2020-08-05	Port Jervis	Antone E Angel	Veggie Supreme	20	17	300	6000	5100	900	8400.0	4800.0	5900
88065566543	2020-08-09	Glen Cove	Merle N Burrus	BBQ Chicken	12	9	2000	24000	18000	6000	33600.0	19200.0	23900
88065566544	2020-08-08	Hempstead	Twanna Y Manges	BBQ Philly Steak	13	10	600	7800	6000	1800	10920.0	6240.0	7700
88065566545	2020-08-08	Glens Falls	Reatha Q Breazeale	BBQ Chicken	15	12	1230	18450	14760	3690	25830.0	14760.0	18350
88065566546	2020-08-09	Middletown	Antone E Angel	BBQ Philly Steak	14	11	900	12600	9900	2700	17640.0	10080.0	12500
88065566547	2020-08-10	Salamanca	Merle N Burrus	Italiano	30	27	2390	71700	64530	7170	100380.0	57360.0	71600
88065566548	2020-08-11	Peekskill	Twanna Y Manges	Margarita	16	13	10000	160000	130000	30000	224000.0	128000.0	159900
88065566549	2020-08-12	Poughkeepsie	Reatha Q Breazeale	Meatzaa	9	6	2300	20700	13800	6900	28979.999999999996	16560.0	20600
88065566550	2020-08-13	Rye 	Antone E Angel	Italiano	5	2	7800	39000	15600	23400	54600.0	31200.0	38900
88065566551	2020-08-14	Fulton	Merle N Burrus	Margarita	18	15	450	8100	6750	1350	11340.0	6480.0	8000
88065566552	2020-08-15	Geneva	Twanna Y Manges	Meatzaa	10	7	2000	20000	14000	6000	28000.0	16000.0	19900
88065566553	2020-08-19	Port Jervis	Reatha Q Breazeale	Meatzaa	20	17	123	2460	2091	369	3444.0	1968.0	2360
88065566554	2020-08-18	Glen Cove	Antone E Angel	Meatzaa	70	67	12903	903210	864501	38709	1264494.0	722568.0	903110
88065566555	2020-08-18	Hempstead	Merle N Burrus	Hot Veggie	15	12	100000	1500000	1200000	300000	2100000.0	1200000.0	1499900
88065566556	2020-08-19	Glens Falls	Twanna Y Manges	Hot Veggie	12	9	12000	144000	108000	36000	201600.0	115200.0	143900
88065566557	2020-08-20	Middletown	Reatha Q Breazeale	BBQ Chicken	18	15	60	1080	900	180	1512.0	864.0	980
88065566558	2020-08-21	Salamanca	Antone E Angel	BBQ Philly Steak	23	20	89	2047	1780	267	2865.7999999999997	1637.6000000000001	1947
88065566559	2020-08-22	Peekskill	Merle N Burrus	Beef Suya	9	6	77	693	462	231	970.1999999999999	554.4	593
88065566560	2020-08-23	Poughkeepsie	Twanna Y Manges	Chicken Bali	18	15	68	1224	1020	204	1713.6	979.2	1124
88065566561	2020-08-24	Rye 	Reatha Q Breazeale	Chicken Feast	52	49	15	780	735	45	1092.0	624.0	680
88065566562	2020-08-25	Fulton	Antone E Angel	Chicken Legend	9	6	47	423	282	141	592.1999999999999	338.40000000000003	323
88065566563	2020-08-29	Geneva	Merle N Burrus	Chicken Suya	5	2	6	30	12	18	42.0	24.0	-70
88065566564	2020-08-28	Port Jervis	Twanna Y Manges	Extravaganza	14	11	10	140	110	30	196.0	112.0	40
88065566565	2020-08-28	Glen Cove	Reatha Q Breazeale	Hot Pepperoni Feast	6	3	11	66	33	33	92.39999999999999	52.800000000000004	-34
88065566566	2020-08-29	Hempstead	Antone E Angel	Hot Veggie	10	7	60	600	420	180	840.0	480.0	500
88065566567	2020-08-30	Glens Falls	Merle N Burrus	Italiano	13	10	89	1157	890	267	1619.8	925.6	1057
88065566568	2020-08-31	Middletown	Twanna Y Manges	Margarita	20	17	77	1540	1309	231	2156.0	1232.0	1440
88065566569	2020-08-01	Salamanca	Reatha Q Breazeale	Meatzaa	15	12	68	1020	816	204	1428.0	816.0	920
88065566570	2020-08-02	Peekskill	Antone E Angel	Pepperoni Feast	20	17	15	300	255	45	420.0	240.0	200
88065566571	2020-08-03	Poughkeepsie	Merle N Burrus	Pepperoni Suya	12	9	100	1200	900	300	1680.0	960.0	1100
88065566572	2020-08-04	Rye 	Twanna Y Manges	Veggie Supreme	16	13	3000	48000	39000	9000	67200.0	38400.0	47900
88065566573	2020-08-05	Fulton	Reatha Q Breazeale	BBQ Chicken	70	67	5000	350000	335000	15000	489999.99999999994	280000.0	349900
88065566574	2020-08-09	Geneva	Antone E Angel	BBQ Philly Steak	15	12	300	4500	3600	900	6300.0	3600.0	4400
88065566575	2020-08-08	Port Jervis	Merle N Burrus	BBQ Chicken	16	13	2000	32000	26000	6000	44800.0	25600.0	31900
88065566576	2020-08-08	Glen Cove	Twanna Y Manges	BBQ Philly Steak	20	17	600	12000	10200	1800	16800.0	9600.0	11900
88065566577	2020-08-09	Hempstead	Reatha Q Breazeale	Italiano	12	9	1230	14760	11070	3690	20664.0	11808.0	14660
88065566578	2020-08-10	Glens Falls	Antone E Angel	Margarita	12	9	900	10800	8100	2700	15119.999999999998	8640.0	10700
88065566579	2020-08-11	Middletown	Merle N Burrus	Meatzaa	18	15	2390	43020	35850	7170	60227.99999999999	34416.0	42920
88065566580	2020-08-12	Salamanca	Twanna Y Manges	Italiano	10	7	10000	100000	70000	30000	140000.0	80000.0	99900
88065566581	2020-08-13	Peekskill	Reatha Q Breazeale	Margarita	15	12	2300	34500	27600	6900	48300.0	27600.0	34400
88065566582	2020-08-14	Poughkeepsie	Antone E Angel	Meatzaa	15	12	7800	117000	93600	23400	163800.0	93600.0	116900
88065566583	2020-08-15	Rye 	Merle N Burrus	Meatzaa	23	20	450	10350	9000	1350	14489.999999999998	8280.0	10250
88065566584	2020-08-19	Fulton	Twanna Y Manges	Meatzaa	9	6	2000	18000	12000	6000	25200.0	14400.0	17900
88065566585	2020-08-18	Geneva	Reatha Q Breazeale	Hot Veggie	18	15	123	2214	1845	369	3099.6	1771.2	2114
88065566586	2020-08-18	Port Jervis	Antone E Angel	Hot Veggie	14	11	12903	180642	141933	38709	252898.8	144513.6	180542
88065566587	2020-08-19	Glen Cove	Merle N Burrus	BBQ Chicken	30	27	100000	3000000	2700000	300000	4200000.0	2400000.0	2999900
88065566588	2020-08-20	Hempstead	Twanna Y Manges	BBQ Philly Steak	16	13	12000	192000	156000	36000	268800.0	153600.0	191900
88065566589	2020-08-21	Glens Falls	Reatha Q Breazeale	Beef Suya	52	49	60	3120	2940	180	4368.0	2496.0	3020
88065566590	2020-08-22	Middletown	Antone E Angel	Chicken Bali	14	11	89	1246	979	267	1744.3999999999999	996.8000000000001	1146
88065566591	2020-08-23	Salamanca	Merle N Burrus	Chicken Feast	6	3	77	462	231	231	646.8	369.6	362
88065566592	2020-08-24	Peekskill	Twanna Y Manges	Chicken Legend	13	10	68	884	680	204	1237.6	707.2	784
88065566593	2020-08-25	Poughkeepsie	Reatha Q Breazeale	Chicken Suya	15	12	15	225	180	45	315.0	180.0	125
88065566594	2020-08-29	Rye 	Antone E Angel	Extravaganza	20	17	47	940	799	141	1316.0	752.0	840
88065566595	2020-08-28	Fulton	Merle N Burrus	Hot Pepperoni Feast	12	9	6	72	54	18	100.8	57.6	-28
88065566596	2020-08-28	Geneva	Twanna Y Manges	Hot Veggie	16	13	10	160	130	30	224.0	128.0	60
88065566597	2020-08-29	Port Jervis	Reatha Q Breazeale	Italiano	20	17	11	220	187	33	308.0	176.0	120
88065566598	2020-08-30	Glen Cove	Antone E Angel	Margarita	12	9	60	720	540	180	1007.9999999999999	576.0	620
88065566599	2020-08-31	Hempstead	Merle N Burrus	Meatzaa	10	7	89	890	623	267	1246.0	712.0	790
88065566600	2020-09-01	Glens Falls	Twanna Y Manges	Pepperoni Feast	15	12	77	1155	924	231	1617.0	924.0	1055
88065566601	2020-09-02	Middletown	Reatha Q Breazeale	Pepperoni Suya	15	12	68	1020	816	204	1428.0	816.0	920
88065566602	2020-09-03	Salamanca	Antone E Angel	Veggie Supreme	20	17	15	300	255	45	420.0	240.0	200
88065566603	2020-09-04	Peekskill	Merle N Burrus	BBQ Chicken	12	9	100	1200	900	300	1680.0	960.0	1100
88065566604	2020-09-05	Poughkeepsie	Twanna Y Manges	BBQ Philly Steak	13	10	3000	39000	30000	9000	54600.0	31200.0	38900
88065566605	2020-09-09	Rye 	Reatha Q Breazeale	BBQ Chicken	15	12	5000	75000	60000	15000	105000.0	60000.0	74900
88065566606	2020-09-08	Fulton	Antone E Angel	BBQ Philly Steak	14	11	300	4200	3300	900	5880.0	3360.0	4100
88065566607	2020-09-08	Geneva	Merle N Burrus	Italiano	30	27	2000	60000	54000	6000	84000.0	48000.0	59900
88065566608	2020-09-09	Port Jervis	Antone E Angel	Margarita	16	13	600	9600	7800	1800	13440.0	7680.0	9500
88065566609	2020-09-10	Glen Cove	Merle N Burrus	Meatzaa	9	6	1230	11070	7380	3690	15497.999999999998	8856.0	10970
88065566610	2020-09-11	Hempstead	Antone E Angel	Italiano	5	2	900	4500	1800	2700	6300.0	3600.0	4400
88065566611	2020-09-12	Glens Falls	Merle N Burrus	Margarita	18	15	2390	43020	35850	7170	60227.99999999999	34416.0	42920
88065566612	2020-09-13	Middletown	Antone E Angel	Meatzaa	10	7	10000	100000	70000	30000	140000.0	80000.0	99900
\.


--
-- Data for Name: location_data; Type: TABLE DATA; Schema: public; Owner: postgres
--

COPY public.location_data (location, location_sales, location_cogs, location_profit, location_qty, location_payment, location_target) FROM stdin;
Middletown	10047090	8144268	1902822	634274	10035590	8037672.00
Peekskill	9608373	7743912	1864461	621487	9596973	7686698.40
Glen Cove	15188604	13307547	1881057	627019	15177104	12150883.20
Poughkeepsie	10295667	8700741	1594926	531642	10284267	8236533.60
Rye 	6835299	5263839	1571460	523820	6823899	5468239.20
Glens Falls	10671308	8777939	1893369	631123	10659808	8537046.40
Salamanca	9003681	7101882	1901799	633933	8992281	7202944.80
Geneva	11226909	9652884	1574025	524675	11215509	8981527.20
Port Jervis	10328080	8743789	1584291	528097	10316680	8262464.00
Fulton	8144269	6569002	1575267	525089	8132869	6515415.20
Hempstead	9211666	7315387	1896279	632093	9200166	7369332.80
\.


--
-- Data for Name: location_monthly; Type: TABLE DATA; Schema: public; Owner: postgres
--

COPY public.location_monthly (location, month, location_sales, location_cogs, location_profit, location_qty, location_payment, location_target) FROM stdin;
Salamanca	June     	128054	90038	38016	12672	127454	102443.20
Rye 	May      	115239	84318	30921	10307	114639	92191.20
Salamanca	April    	276915	233898	43017	14339	276315	221532.00
Peekskill	July     	112693	81817	30876	10292	112193	90154.40
Glen Cove	June     	2735902	2389330	346572	115524	2735302	2188721.60
Salamanca	May      	45076	34441	10635	3545	44576	36060.80
Hempstead	September	570775	453964	116811	38937	569075	456620.00
Hempstead	August   	2612554	2129671	482883	160961	2609554	2090043.20
Salamanca	October  	157005	126819	30186	10062	156505	125604.00
Peekskill	April    	62728	51913	10815	3605	62128	50182.40
Glen Cove	May      	262973	216947	46026	15342	262373	210378.40
Hempstead	January  	1408158	975396	432762	144254	1405858	1126526.40
Poughkeepsie	October  	254402	202745	51657	17219	253802	203521.60
Salamanca	December 	30000	24000	6000	2000	29900	24000.00
Peekskill	November 	80458	67510	12948	4316	79958	64366.40
Glens Falls	April    	2171160	1824621	346539	115513	2170660	1736928.00
Poughkeepsie	May      	175452	137832	37620	12540	174852	140361.60
Middletown	February 	254443	208432	46011	15337	253943	203554.40
Middletown	July     	197611	159595	38016	12672	197011	158088.80
Geneva	October  	677295	370458	306837	102279	676795	541836.00
Geneva	September	885864	751065	134799	44933	884064	708691.20
Fulton	September	1875907	1504747	371160	123720	1874207	1500725.60
Glens Falls	January  	2488158	2028987	459171	153057	2485858	1990526.40
Geneva	May      	123450	92055	31395	10465	122950	98760.00
Rye 	August   	2282460	1833903	448557	149519	2279560	1825968.00
Rye 	June     	109884	75630	34254	11418	109384	87907.20
Hempstead	October  	165280	127633	37647	12549	164680	132224.00
Fulton	March    	199548	161964	37584	12528	198948	159638.40
Glen Cove	November 	17664	10017	7647	2549	17164	14131.20
Peekskill	March    	235448	192431	43017	14339	234848	188358.40
Glens Falls	October  	157050	125970	31080	10360	156450	125640.00
Middletown	November 	281932	228346	53586	17862	281332	225545.60
Hempstead	November 	105702	81522	24180	8060	105202	84561.60
Glens Falls	August   	1394556	1205460	189096	63032	1391656	1115644.80
Poughkeepsie	March    	184018	173203	10815	3605	183418	147214.40
Geneva	March    	276830	246140	30690	10230	276330	221464.00
Glens Falls	July     	194504	147869	46635	15545	193904	155603.20
Glen Cove	July     	203406	161703	41703	13901	202906	162724.80
Poughkeepsie	February 	208380	165630	42750	14250	207880	166704.00
Port Jervis	July     	5239483	4931620	307863	102621	5238983	4191586.40
Poughkeepsie	July     	172599	138300	34299	11433	171999	138079.20
Port Jervis	April    	92787	61374	31413	10471	92187	74229.60
Geneva	February 	154576	116992	37584	12528	153976	123660.80
Rye 	April    	251416	214063	37353	12451	250916	201132.80
Glens Falls	March    	165513	119484	46029	15343	164913	132410.40
Glens Falls	February 	89720	67421	22299	7433	89220	71776.00
Salamanca	August   	2920595	2432372	488223	162741	2917595	2336476.00
Middletown	August   	2641685	2190455	451230	150410	2638785	2113348.00
Salamanca	November 	271010	253232	17778	5926	270410	216808.00
Glens Falls	November 	56290	45391	10899	3633	55790	45032.00
Fulton	November 	1354818	1011981	342837	114279	1354218	1083854.40
Peekskill	May      	139998	102162	37836	12612	139498	111998.40
Peekskill	August   	2481423	2036367	445056	148352	2478523	1985138.40
Glen Cove	March    	122237	90824	31413	10471	121637	97789.60
Salamanca	January  	854946	697071	157875	52625	852646	683956.80
Port Jervis	August   	994023	785040	208983	69661	991123	795218.40
Geneva	August   	5998176	5556294	441882	147294	5995476	4798540.80
Port Jervis	October  	209986	163438	46548	15516	209386	167988.80
Hempstead	February 	140158	108790	31368	10456	139658	112126.40
Rye 	September	600375	485985	114390	38130	598875	480300.00
Geneva	November 	338031	291483	46548	15516	337431	270424.80
Glens Falls	May      	1198252	856549	341703	113901	1197652	958601.60
Hempstead	May      	2024091	1677519	346572	115524	2023491	1619272.80
Rye 	November 	304125	259713	44412	14804	303625	243300.00
Middletown	June     	38238	27603	10635	3545	37738	30590.40
Salamanca	September	1702536	1318095	384441	128147	1700836	1362028.80
Geneva	June     	101493	79065	22428	7476	100893	81194.40
Poughkeepsie	December 	2258060	1919351	338709	112903	2257860	1806448.00
Peekskill	October  	62769	44991	17778	5926	62169	50215.20
Glen Cove	August   	7494843	6740589	754254	251418	7491943	5995874.40
Fulton	August   	2360549	1893494	467055	155685	2357849	1888439.20
Peekskill	June     	205377	167757	37620	12540	204777	164301.60
Glen Cove	October  	247315	209263	38052	12684	246715	197852.00
Poughkeepsie	November 	22521	14289	8232	2744	22021	18016.80
Port Jervis	November 	176577	138525	38052	12684	175977	141261.60
Port Jervis	March    	147152	112961	34191	11397	146652	117721.60
Geneva	April    	113916	79521	34395	11465	113316	91132.80
Port Jervis	December 	1155	924	231	77	1055	924.00
Port Jervis	June     	193676	147650	46026	15342	193076	154940.80
Fulton	February 	239281	201382	37899	12633	238781	191424.80
Middletown	December 	4500	3150	1350	450	4400	3600.00
Glen Cove	September	615018	529203	85815	28605	613318	492014.40
Middletown	September	655007	507557	147450	49150	653207	524005.60
Rye 	February 	101168	90584	10584	3528	100668	80934.40
Fulton	July     	378149	355721	22428	7476	377549	302519.20
Middletown	January  	1686897	1274511	412386	137462	1684597	1349517.60
Poughkeepsie	August   	862207	700951	161256	53752	859207	689765.60
Port Jervis	May      	130334	107924	22410	7470	129834	104267.20
Hempstead	July     	1526055	1219038	307017	102339	1525455	1220844.00
Fulton	December 	156600	120420	36180	12060	156400	125280.00
Middletown	October  	42638	31739	10899	3633	42138	34110.40
Hempstead	April    	180840	134844	45996	15332	180340	144672.00
Middletown	May      	265014	221997	43017	14339	264414	212011.20
Geneva	July     	237292	191266	46026	15342	236692	189833.60
Port Jervis	February 	146095	115201	30894	10298	145495	116876.00
Peekskill	January  	1809556	1380499	429057	143019	1807356	1447644.80
Salamanca	March    	1400930	1059407	341523	113841	1400430	1120744.00
Port Jervis	January  	1840664	1383905	456759	152253	1838464	1472531.20
Peekskill	December 	208293	169215	39078	13026	208093	166634.40
Port Jervis	September	1156148	795227	360921	120307	1154448	924918.40
Fulton	January  	646696	527464	119232	39744	644296	517356.80
Poughkeepsie	January  	3756684	3314421	442263	147421	3754384	3005347.20
Glens Falls	December 	93600	70200	23400	7800	93500	74880.00
Glens Falls	September	2627035	2257534	369501	123167	2625235	2101628.00
Rye 	March    	226034	187931	38103	12701	225434	180827.20
Fulton	October  	206037	161625	44412	14804	205537	164829.60
Rye 	December 	1344000	1008000	336000	112000	1343800	1075200.00
Peekskill	September	3631165	3212308	418857	139619	3629465	2904932.00
Fulton	April    	246610	215920	30690	10230	246110	197288.00
Glen Cove	January  	2942518	2499748	442770	147590	2940218	2354014.40
Poughkeepsie	June     	101304	70428	30876	10292	100804	81043.20
Rye 	October  	684678	376446	308232	102744	684078	547742.40
Rye 	July     	167788	136252	31536	10512	167188	134230.40
Glens Falls	June     	35470	28453	7017	2339	34970	28376.00
Fulton	June     	253325	221930	31395	10465	252825	202660.00
Glen Cove	April    	135654	113244	22410	7470	135154	108523.20
Poughkeepsie	April    	164944	127108	37836	12612	164444	131955.20
Hempstead	June     	321759	280056	41703	13901	321259	257407.20
Salamanca	July     	156207	118791	37416	12472	155707	124965.60
Geneva	December 	2235	1788	447	149	2035	1788.00
Salamanca	February 	1060407	713718	346689	115563	1059907	848325.60
Glen Cove	December 	161360	131156	30204	10068	161160	129088.00
Glen Cove	February 	249714	215523	34191	11397	249214	199771.20
Hempstead	March    	110294	87854	22440	7480	109694	88235.20
Rye 	January  	648132	511014	137118	45706	645732	518505.60
Middletown	April    	2162905	1821202	341703	113901	2162305	1730324.00
Middletown	March    	1816220	1469681	346539	115513	1815720	1452976.00
Poughkeepsie	September	2135096	1736483	398613	132871	2133596	1708076.80
Peekskill	February 	578465	236942	341523	113841	577965	462772.00
Hempstead	December 	46000	39100	6900	2300	45900	36800.00
Geneva	January  	2317751	1876757	440994	146998	2315551	1854200.80
Fulton	May      	226749	192354	34395	11465	226149	181399.20
\.


--
-- Data for Name: monthly_data; Type: TABLE DATA; Schema: public; Owner: postgres
--

COPY public.monthly_data (month, monthly_sales, monthly_cogs, monthly_profit, monthly_qty, monthly_payment, monthly_target) FROM stdin;
February 	3222407	2240615	981792	327264	3216707	2577925.60
November 	3009128	2402009	607119	202373	3003128	2407302.40
December 	4305803	3487304	818499	272833	4304103	3444642.40
March    	4884224	3901880	982344	327448	4878024	3907379.20
January  	20400160	16469773	3930387	1310129	20374960	16320128.00
May      	4706628	3724098	982530	327510	4700428	3765302.40
April    	5859875	4877708	982167	327389	5853875	4687900.00
September	16454926	13552168	2902758	967586	16436326	13163940.80
August   	32043071	27504596	4538475	1512825	32011271	25634456.80
October  	2864455	1941127	923328	307776	2858255	2291564.00
June     	4224482	3577940	646542	215514	4218482	3379585.60
July     	8585787	7641972	943815	314605	8579587	6868629.60
\.


--
-- Data for Name: product_data; Type: TABLE DATA; Schema: public; Owner: postgres
--

COPY public.product_data (products, product_sales, product_cogs, product_profit, product_qty, product_payment, product_target) FROM stdin;
Italiano	12032512	9861970	2170542	723514	12019912	9626009.60
Chicken Feast	3777659	3068357	709302	236434	3773459	3022127.20
Margarita	11664022	9852307	1811715	603905	11651422	9331217.60
Veggie Supreme	2304122	1856354	447768	149256	2299922	1843297.60
Chicken Legend	3061627	2747182	314445	104815	3057427	2449301.60
Hot Pepperoni Feast	4976396	4253300	723096	241032	4972196	3981116.80
Extravaganza	1667946	1323705	344241	114747	1663746	1334356.80
Chicken Bali	1401979	1089967	312012	104004	1397779	1121583.20
Hot Veggie	11460039	9723357	1736682	578894	11447439	9168031.20
BBQ Chicken	16062770	13014101	3048669	1016223	16050170	12850216.00
BBQ Philly Steak	5702385	4468989	1233396	411132	5689785	4561908.00
Chicken Suya	3221169	2504928	716241	238747	3216969	2576935.20
Beef Suya	2702908	1997116	705792	235264	2698708	2162326.40
Pepperoni Suya	3973415	2948918	1024497	341499	3969215	3178732.00
Pepperoni Feast	2318773	1906774	411999	137333	2314573	1855018.40
Meatzaa	24233224	20703865	3529359	1176453	24212424	19386579.20
\.


--
-- Data for Name: product_monthly; Type: TABLE DATA; Schema: public; Owner: postgres
--

COPY public.product_monthly (products, month, product_sales, product_cogs, product_profit, product_qty, product_payment, product_target) FROM stdin;
Meatzaa	October  	1013281	648511	364770	121590	1012281	810624.80
Hot Veggie	June     	297200	250391	46809	15603	296600	237760.00
Beef Suya	March    	1800	1320	480	160	1600	1440.00
Italiano	January  	2608659	1972950	635709	211903	2606159	2086927.20
Meatzaa	February 	211307	157391	53916	17972	210307	169045.60
Hot Pepperoni Feast	February 	36918	29481	7437	2479	36718	29534.40
Hot Veggie	February 	869196	502920	366276	122092	868696	695356.80
Pepperoni Feast	November 	259260	220371	38889	12963	259060	207408.00
Meatzaa	March    	249806	204362	45444	15148	248806	199844.80
Chicken Bali	October  	7424	5357	2067	689	7224	5939.20
BBQ Philly Steak	May      	168065	123440	44625	14875	167465	134452.00
Extravaganza	March    	12160	10330	1830	610	11960	9728.00
Veggie Supreme	December 	258060	219351	38709	12903	257960	206448.00
Chicken Feast	June     	4240	3604	636	212	4040	3392.00
Meatzaa	June     	424017	357993	66024	22008	423017	339213.60
Chicken Feast	January  	195710	152942	42768	14256	194910	156568.00
Chicken Suya	December 	600	420	180	60	500	480.00
Chicken Bali	November 	124200	87300	36900	12300	124000	99360.00
Italiano	August   	1368271	1068571	299700	99900	1365171	1094616.80
Margarita	October  	267660	219504	48156	16052	267060	214128.00
Pepperoni Suya	April    	69612	62508	7104	2368	69412	55689.60
Pepperoni Suya	July     	24030	18012	6018	2006	23830	19224.00
Pepperoni Feast	April    	141232	111001	30231	10077	141032	112985.60
Italiano	May      	410525	351338	59187	19729	409925	328420.00
Veggie Supreme	February 	207948	168339	39609	13203	207748	166358.40
BBQ Philly Steak	December 	156000	120000	36000	12000	155900	124800.00
Chicken Suya	March    	30072	24054	6018	2006	29872	24057.60
Chicken Suya	September	119560	96973	22587	7529	118960	95648.00
Chicken Feast	October  	65500	61579	3921	1307	65300	52400.00
Veggie Supreme	May      	120770	90539	30231	10077	120570	96616.00
Hot Veggie	May      	196796	165239	31557	10519	196096	157436.80
Italiano	December 	46000	39100	6900	2300	45900	36800.00
Pepperoni Feast	October  	157078	120847	36231	12077	156878	125662.40
Italiano	November 	129950	111707	18243	6081	129350	103960.00
Beef Suya	April    	1300816	1000612	300204	100068	1300616	1040652.80
Pepperoni Suya	September	61180	47500	13680	4560	60580	48944.00
Chicken Legend	November 	9580	7513	2067	689	9380	7664.00
Margarita	February 	230528	175511	55017	18339	229928	184422.40
Extravaganza	August   	497667	396717	100950	33650	496567	398133.60
Chicken Suya	June     	1580	1196	384	128	1380	1264.00
Veggie Supreme	June     	14700	11820	2880	960	14500	11760.00
Beef Suya	October  	636720	330540	306180	102060	636420	509376.00
Meatzaa	April    	433905	361908	71997	23999	432905	347124.00
Beef Suya	November 	261476	246107	15369	5123	261276	209180.80
BBQ Chicken	August   	3852118	3454639	397479	132493	3849018	3081694.40
Extravaganza	May      	61088	51884	9204	3068	60888	48870.40
Hot Veggie	January  	824476	654463	170013	56671	821776	659580.80
Pepperoni Feast	January  	1008164	834179	173985	57995	1007364	806531.20
Extravaganza	February 	14700	11820	2880	960	14500	11760.00
Margarita	January  	1076291	862388	213903	71301	1073691	861032.80
Hot Pepperoni Feast	December 	1155	924	231	77	1055	924.00
Margarita	March    	284991	244848	40143	13381	284391	227992.80
Chicken Legend	July     	19200	13020	6180	2060	19000	15360.00
BBQ Philly Steak	February 	190780	140746	50034	16678	190180	152624.00
Veggie Supreme	August   	439800	357249	82551	27517	438700	351840.00
Hot Pepperoni Feast	May      	61050	46005	15045	5015	60850	48840.00
Chicken Bali	June     	20960	14780	6180	2060	20760	16768.00
Hot Pepperoni Feast	September	1327822	1020949	306873	102291	1327222	1062257.60
Meatzaa	January  	5484717	4739421	745296	248432	5480317	4387773.60
Chicken Legend	September	160610	115259	45351	15117	160010	128488.00
BBQ Chicken	November 	17906	15341	2565	855	17306	14324.80
BBQ Philly Steak	October  	201794	151940	49854	16618	201194	161435.20
BBQ Chicken	June     	86662	65203	21459	7153	86062	69329.60
Chicken Feast	September	63123	54207	8916	2972	62523	50498.40
Chicken Bali	September	93228	66708	26520	8840	92628	74582.40
Hot Veggie	September	759552	620559	138993	46331	757952	607641.60
Chicken Bali	January  	195114	148728	46386	15462	194314	156091.20
Chicken Legend	January  	771490	700780	70710	23570	770590	617192.00
Extravaganza	December 	1335	1068	267	89	1235	1068.00
Hot Pepperoni Feast	November 	28860	21645	7215	2405	28660	23088.00
BBQ Philly Steak	September	1360058	1126583	233475	77825	1358058	1088046.40
BBQ Chicken	March    	2823554	2201981	621573	207191	2822954	2258843.20
BBQ Philly Steak	April    	320600	227051	93549	31183	320000	256480.00
BBQ Philly Steak	March    	511140	397686	113454	37818	510540	408912.00
Meatzaa	July     	5713028	5312924	400104	133368	5712028	4570422.40
Italiano	March    	353196	311685	41511	13837	352596	282556.80
Chicken Suya	May      	2424	1893	531	177	2224	1939.20
BBQ Chicken	January  	3201553	2546539	655014	218338	3199053	2561242.40
BBQ Chicken	February 	963540	653190	310350	103450	962940	770832.00
Meatzaa	December 	4500	3150	1350	450	4400	3600.00
Extravaganza	June     	2005	1693	312	104	1805	1604.00
Chicken Legend	June     	904134	865194	38940	12980	903934	723307.20
Beef Suya	June     	8232	6849	1383	461	8032	6585.60
Hot Pepperoni Feast	January  	138126	105543	32583	10861	137326	110500.80
Margarita	April    	882636	834555	48081	16027	882036	706108.80
Chicken Feast	May      	1000884	700680	300204	100068	1000684	800707.20
Pepperoni Suya	February 	48690	33321	15369	5123	48490	38952.00
Chicken Legend	December 	144000	108000	36000	12000	143900	115200.00
Beef Suya	August   	57541	47647	9894	3298	56441	46032.80
BBQ Philly Steak	July     	261798	198546	63252	21084	261198	209438.40
Pepperoni Feast	September	158868	127221	31647	10549	158268	127094.40
Italiano	September	4375982	3705665	670317	223439	4373882	3500785.60
Chicken Suya	April    	50225	35180	15045	5015	50025	40180.00
Beef Suya	September	50882	39794	11088	3696	50282	40705.60
Margarita	August   	5281699	4467355	814344	271448	5278499	4225359.20
Pepperoni Suya	November 	1201068	900801	300267	100089	1200868	960854.40
Hot Veggie	December 	161360	131156	30204	10068	161160	129088.00
Margarita	July     	470414	422396	48018	16006	469814	376331.20
Extravaganza	October  	140705	110564	30141	10047	140505	112564.00
Veggie Supreme	October  	2020	1708	312	104	1820	1616.00
Meatzaa	November 	320449	273481	46968	15656	319449	256359.20
Pepperoni Suya	March    	7200	5550	1650	550	7000	5760.00
BBQ Chicken	October  	137739	106794	30945	10315	137139	110191.20
Veggie Supreme	April    	124875	101430	23445	7815	124675	99900.00
Chicken Legend	May      	182080	145768	36312	12104	181780	145664.00
Veggie Supreme	September	203698	169108	34590	11530	203098	162958.40
Hot Pepperoni Feast	August   	3305153	2970365	334788	111596	3304153	2644122.40
Chicken Legend	February 	7200	5400	1800	600	7100	5760.00
Chicken Feast	August   	316034	292496	23538	7846	314934	252827.20
Chicken Feast	November 	12780	6600	6180	2060	12580	10224.00
Chicken Suya	November 	19605	15684	3921	1307	19405	15684.00
Pepperoni Feast	December 	30000	24000	6000	2000	29900	24000.00
Italiano	April    	2066693	1754003	312690	104230	2066093	1653354.40
Pepperoni Feast	July     	6423	5382	1041	347	6223	5138.40
Chicken Bali	March    	31068	21801	9267	3089	30868	24854.40
Chicken Bali	August   	204431	157967	46464	15488	203331	163544.80
BBQ Chicken	May      	56925	46788	10137	3379	56325	45540.00
Hot Veggie	March    	280592	238103	42489	14163	279892	224473.60
Italiano	October  	58588	49288	9300	3100	57988	46870.40
Chicken Suya	February 	12465	8742	3723	1241	12265	9972.00
BBQ Chicken	April    	110137	92482	17655	5885	109537	88109.60
Pepperoni Feast	February 	76000	61000	15000	5000	75800	60800.00
Hot Veggie	April    	43472	34094	9378	3126	42872	34777.60
Chicken Suya	August   	1222859	914405	308454	102818	1221859	978287.20
Chicken Suya	October  	12100	4885	7215	2405	11900	9680.00
Meatzaa	August   	5182385	4289246	893139	297713	5177185	4145908.00
Hot Veggie	July     	29364	22215	7149	2383	28764	23491.20
Pepperoni Suya	June     	36999	33276	3723	1241	36799	29599.20
Margarita	June     	2013558	1691517	322041	107347	2012958	1610846.40
Pepperoni Feast	March    	156180	132735	23445	7815	155980	124944.00
Pepperoni Feast	June     	8560	6730	1830	610	8360	6848.00
Chicken Bali	February 	6160	5056	1104	368	5960	4928.00
Pepperoni Suya	January  	2174116	1559086	615030	205010	2173316	1739292.80
Chicken Bali	July     	117100	93670	23430	7810	116900	93680.00
Meatzaa	May      	2043132	1692837	350295	116765	2042132	1634505.60
Hot Pepperoni Feast	June     	2424	1893	531	177	2224	1939.20
Chicken Bali	April    	240240	204195	36045	12015	240040	192192.00
Chicken Suya	January  	246130	198583	47547	15849	245330	196904.00
Extravaganza	April    	5440	4399	1041	347	5240	4352.00
Hot Pepperoni Feast	October  	27390	19122	8268	2756	27090	21912.00
Extravaganza	January  	495432	400401	95031	31677	494632	396345.60
Beef Suya	May      	2994	2358	636	212	2794	2395.20
Margarita	September	786879	644370	142509	47503	784979	629503.20
Veggie Supreme	January  	677987	535607	142380	47460	677187	542389.60
Margarita	May      	195287	149978	45309	15103	194687	156229.60
Italiano	June     	231061	174757	56304	18768	230461	184848.80
Beef Suya	July     	34536	27618	6918	2306	34336	27628.80
Extravaganza	September	272514	209064	63450	21150	271914	218011.20
Hot Veggie	November 	195386	141296	54090	18030	194786	156308.80
Beef Suya	January  	286910	248501	38409	12803	286110	229528.00
Chicken Legend	April    	37020	27816	9204	3068	36820	29616.00
BBQ Philly Steak	August   	1212870	970962	241908	80636	1209570	970296.00
Veggie Supreme	November 	192924	156693	36231	12077	192724	154339.20
Pepperoni Suya	May      	30282	22845	7437	2479	30082	24225.60
Hot Veggie	October  	124600	101920	22680	7560	124000	99680.00
Italiano	February 	245974	207928	38046	12682	245374	196779.20
Chicken Feast	December 	2000000	1700000	300000	100000	1999900	1600000.00
Hot Pepperoni Feast	March    	15530	11807	3723	1241	15330	12424.00
Chicken Legend	March    	6940	5899	1041	347	6740	5552.00
Pepperoni Feast	May      	18720	15840	2880	960	18520	14976.00
Veggie Supreme	March    	54000	39000	15000	5000	53800	43200.00
Margarita	December 	93600	70200	23400	7800	93500	74880.00
Extravaganza	July     	145540	109309	36231	12077	145340	116432.00
Chicken Feast	July     	10493	9110	1383	461	10293	8394.40
Chicken Bali	May      	155606	116666	38940	12980	155406	124484.80
Hot Pepperoni Feast	April    	30072	24054	6018	2006	29872	24057.60
Margarita	November 	80479	69685	10794	3598	79879	64383.20
Chicken Legend	October  	8916	6012	2904	968	8716	7132.80
Pepperoni Suya	October  	2940	2556	384	128	2740	2352.00
Pepperoni Suya	August   	315453	261987	53466	17822	314353	252362.40
BBQ Chicken	September	3508273	2845567	662706	220902	3506373	2806618.40
Chicken Legend	August   	810457	746521	63936	21312	809457	648365.60
BBQ Chicken	December 	1200900	900720	300180	100060	1200700	960720.00
BBQ Chicken	July     	103463	84857	18606	6202	102763	82770.40
Chicken Feast	April    	2900	2420	480	160	2700	2320.00
Chicken Feast	March    	65995	50719	15276	5092	65695	52796.00
Hot Veggie	August   	7678045	6861001	817044	272348	7674845	6142436.00
Hot Pepperoni Feast	July     	1896	1512	384	128	1696	1516.80
Pepperoni Suya	December 	1845	1476	369	123	1745	1476.00
Chicken Feast	February 	40000	34000	6000	2000	39900	32000.00
Pepperoni Feast	August   	298288	247468	50820	16940	297188	238630.40
Veggie Supreme	July     	7340	5510	1830	610	7140	5872.00
Beef Suya	February 	61001	45770	15231	5077	60801	48800.80
Italiano	July     	137613	114978	22635	7545	137013	110090.40
Extravaganza	November 	19360	16456	2904	968	19160	15488.00
BBQ Philly Steak	November 	135845	111329	24516	8172	135245	108676.00
Chicken Suya	July     	1503549	1202913	300636	100212	1503249	1202839.20
BBQ Philly Steak	June     	168150	91044	77106	25702	167550	134520.00
Chicken Bali	December 	206448	167739	38709	12903	206348	165158.40
Meatzaa	September	3152697	2662641	490056	163352	3149597	2522157.60
BBQ Philly Steak	January  	1015285	809662	205623	68541	1012885	812228.00
\.


--
-- Data for Name: reps_monthly; Type: TABLE DATA; Schema: public; Owner: postgres
--

COPY public.reps_monthly (sales_reps, month, reps_sales, reps_cogs, reps_profit, reps_qty, reps_payment, reps_target) FROM stdin;
Antone E Angel	May      	581074	471829	109245	36415	579774	464859.20
Reatha Q Breazeale	May      	2363065	1964245	398820	132940	2361365	1890452.00
Merle N Burrus	November 	418542	340989	77553	25851	417342	334833.60
Twanna Y Manges	February 	693154	352009	341145	113715	691954	554523.20
Merle N Burrus	December 	697660	563551	134109	44703	697160	558128.00
Reatha Q Breazeale	August   	10041303	9224610	816693	272231	10034803	8033042.40
Merle N Burrus	July     	291884	238373	53511	17837	290884	233507.20
Antone E Angel	March    	2052232	1684054	368178	122726	2049832	1641785.60
Twanna Y Manges	July     	1967227	1559482	407745	135915	1965327	1573781.60
Merle N Burrus	September	4037254	3421105	616149	205383	4032254	3229803.20
Reatha Q Breazeale	June     	2102498	1739897	362601	120867	2100998	1681998.40
Twanna Y Manges	September	1947688	1442974	504714	168238	1944288	1558150.40
Merle N Burrus	March    	1092426	876657	215769	71923	1090126	873940.80
Antone E Angel	April    	452191	384889	67302	22434	450491	361752.80
Twanna Y Manges	November 	1513170	1147404	365766	121922	1512170	1210536.00
Reatha Q Breazeale	February 	625671	515211	110460	36820	624471	500536.80
Antone E Angel	December 	1253245	944446	308799	102933	1252745	1002596.00
Antone E Angel	November 	451791	382533	69258	23086	450591	361432.80
Merle N Burrus	May      	456865	364339	92526	30842	455465	365492.00
Merle N Burrus	January  	6149373	5233401	915972	305324	6143173	4919498.40
Antone E Angel	August   	6705326	5567612	1137714	379238	6694726	5364260.80
Antone E Angel	September	8052287	6748763	1303524	434508	8045787	6441829.60
Antone E Angel	January  	4960573	3793594	1166979	388993	4951773	3968458.40
Reatha Q Breazeale	April    	2492529	2108421	384108	128036	2491129	1994023.20
Reatha Q Breazeale	December 	2001755	1701344	300411	100137	2001455	1601404.00
Twanna Y Manges	April    	2340810	1944384	396426	132142	2339510	1872648.00
Antone E Angel	June     	655330	545644	109686	36562	653730	524264.00
Merle N Burrus	June     	1105225	1012507	92718	30906	1103725	884180.00
Twanna Y Manges	March    	1324466	1009130	315336	105112	1323666	1059572.80
Reatha Q Breazeale	November 	625625	531083	94542	31514	623025	500500.00
Reatha Q Breazeale	March    	415100	332039	83061	27687	414400	332080.00
Antone E Angel	October  	1549465	1078309	471156	157052	1546965	1239572.00
Merle N Burrus	April    	574345	440014	134331	44777	572745	459476.00
Merle N Burrus	October  	1067359	676660	390699	130233	1065459	853887.20
Reatha Q Breazeale	January  	7511541	6034365	1477176	492392	7506241	6009232.80
Reatha Q Breazeale	September	2417697	1939326	478371	159457	2413997	1934157.60
Twanna Y Manges	October  	93820	64633	29187	9729	92920	75056.00
Twanna Y Manges	December 	353143	277963	75180	25060	352743	282514.40
Merle N Burrus	August   	12616423	10577398	2039025	679675	12608423	10093138.40
Twanna Y Manges	May      	1305624	923685	381939	127313	1303824	1044499.20
Reatha Q Breazeale	July     	5746122	5391693	354429	118143	5744022	4596897.60
Merle N Burrus	February 	806084	617732	188352	62784	804384	644867.20
Twanna Y Manges	August   	2680019	2134976	545043	181681	2673319	2144015.20
Antone E Angel	February 	1097498	755663	341835	113945	1095898	877998.40
Reatha Q Breazeale	October  	153811	121525	32286	10762	152911	123048.80
Antone E Angel	July     	580554	452424	128130	42710	579354	464443.20
Twanna Y Manges	June     	361429	279892	81537	27179	360029	289143.20
Twanna Y Manges	January  	1778673	1408413	370260	123420	1773773	1422938.40
\.


--
-- Data for Name: salesreps_data; Type: TABLE DATA; Schema: public; Owner: postgres
--

COPY public.salesreps_data (sales_reps, reps_sales, reps_cogs, reps_profit, reps_qty, reps_payment, reps_target) FROM stdin;
Merle N Burrus	29313440	24362726	4950714	1650238	29281140	23450752.00
Antone E Angel	28391566	22809760	5581806	1860602	28351666	22713252.80
Reatha Q Breazeale	36496717	31603759	4892958	1630986	36468817	29197373.60
Twanna Y Manges	16359223	12544945	3814278	1271426	16333523	13087378.40
\.


--
-- Name: location_data location_data_pkey; Type: CONSTRAINT; Schema: public; Owner: postgres
--

ALTER TABLE ONLY public.location_data
    ADD CONSTRAINT location_data_pkey PRIMARY KEY (location);


--
-- Name: monthly_data monthly_data_pkey; Type: CONSTRAINT; Schema: public; Owner: postgres
--

ALTER TABLE ONLY public.monthly_data
    ADD CONSTRAINT monthly_data_pkey PRIMARY KEY (month);


--
-- Name: product_data product_data_pkey; Type: CONSTRAINT; Schema: public; Owner: postgres
--

ALTER TABLE ONLY public.product_data
    ADD CONSTRAINT product_data_pkey PRIMARY KEY (products);


--
-- Name: salesreps_data salesreps_data_pkey; Type: CONSTRAINT; Schema: public; Owner: postgres
--

ALTER TABLE ONLY public.salesreps_data
    ADD CONSTRAINT salesreps_data_pkey PRIMARY KEY (sales_reps);


--
-- Name: location_monthly location_monthly_location_fkey; Type: FK CONSTRAINT; Schema: public; Owner: postgres
--

ALTER TABLE ONLY public.location_monthly
    ADD CONSTRAINT location_monthly_location_fkey FOREIGN KEY (location) REFERENCES public.location_data(location);


--
-- Name: location_monthly location_monthly_month_fkey; Type: FK CONSTRAINT; Schema: public; Owner: postgres
--

ALTER TABLE ONLY public.location_monthly
    ADD CONSTRAINT location_monthly_month_fkey FOREIGN KEY (month) REFERENCES public.monthly_data(month);


--
-- Name: product_monthly product_monthly_month_fkey; Type: FK CONSTRAINT; Schema: public; Owner: postgres
--

ALTER TABLE ONLY public.product_monthly
    ADD CONSTRAINT product_monthly_month_fkey FOREIGN KEY (month) REFERENCES public.monthly_data(month);


--
-- Name: product_monthly product_monthly_products_fkey; Type: FK CONSTRAINT; Schema: public; Owner: postgres
--

ALTER TABLE ONLY public.product_monthly
    ADD CONSTRAINT product_monthly_products_fkey FOREIGN KEY (products) REFERENCES public.product_data(products);


--
-- Name: reps_monthly reps_monthly_month_fkey; Type: FK CONSTRAINT; Schema: public; Owner: postgres
--

ALTER TABLE ONLY public.reps_monthly
    ADD CONSTRAINT reps_monthly_month_fkey FOREIGN KEY (month) REFERENCES public.monthly_data(month);


--
-- Name: reps_monthly reps_monthly_sales_reps_fkey; Type: FK CONSTRAINT; Schema: public; Owner: postgres
--

ALTER TABLE ONLY public.reps_monthly
    ADD CONSTRAINT reps_monthly_sales_reps_fkey FOREIGN KEY (sales_reps) REFERENCES public.salesreps_data(sales_reps);


--
-- PostgreSQL database dump complete
--

